-- MySQL dump 10.13  Distrib 8.0.16, for Win64 (x86_64)
--
-- Host: 127.0.0.1    Database: news
-- ------------------------------------------------------
-- Server version	8.0.16

/*!40101 SET @OLD_CHARACTER_SET_CLIENT=@@CHARACTER_SET_CLIENT */;
/*!40101 SET @OLD_CHARACTER_SET_RESULTS=@@CHARACTER_SET_RESULTS */;
/*!40101 SET @OLD_COLLATION_CONNECTION=@@COLLATION_CONNECTION */;
 SET NAMES utf8 ;
/*!40103 SET @OLD_TIME_ZONE=@@TIME_ZONE */;
/*!40103 SET TIME_ZONE='+00:00' */;
/*!40014 SET @OLD_UNIQUE_CHECKS=@@UNIQUE_CHECKS, UNIQUE_CHECKS=0 */;
/*!40014 SET @OLD_FOREIGN_KEY_CHECKS=@@FOREIGN_KEY_CHECKS, FOREIGN_KEY_CHECKS=0 */;
/*!40101 SET @OLD_SQL_MODE=@@SQL_MODE, SQL_MODE='NO_AUTO_VALUE_ON_ZERO' */;
/*!40111 SET @OLD_SQL_NOTES=@@SQL_NOTES, SQL_NOTES=0 */;

--
-- Table structure for table `baiviet`
--

DROP TABLE IF EXISTS `baiviet`;
/*!40101 SET @saved_cs_client     = @@character_set_client */;
 SET character_set_client = utf8mb4 ;
CREATE TABLE `baiviet` (
  `ID` int(10) NOT NULL AUTO_INCREMENT,
  `TieuDe` text CHARACTER SET utf8 COLLATE utf8_unicode_ci NOT NULL,
  `TomTat` text CHARACTER SET utf8 COLLATE utf8_unicode_ci NOT NULL,
  `NoiDung` text CHARACTER SET utf8 COLLATE utf8_unicode_ci NOT NULL,
  `GioDang` varchar(100) CHARACTER SET utf8 COLLATE utf8_general_ci NOT NULL,
  `TrangThai` tinyint(1) NOT NULL,
  `SoLuotThich` int(10) NOT NULL,
  `SoLuotXem` int(10) NOT NULL,
  `CheDo` int(10) NOT NULL,
  `ChuDe` varchar(255) COLLATE utf8_unicode_ci NOT NULL,
  `AnhDaiDien` text COLLATE utf8_unicode_ci NOT NULL,
  `TacGia` varchar(45) COLLATE utf8_unicode_ci NOT NULL,
  `TuChoi` varchar(45) COLLATE utf8_unicode_ci DEFAULT NULL,
  PRIMARY KEY (`ID`),
  FULLTEXT KEY `FTS` (`TieuDe`,`NoiDung`,`TomTat`)
) ENGINE=InnoDB AUTO_INCREMENT=84 DEFAULT CHARSET=utf8 COLLATE=utf8_unicode_ci;
/*!40101 SET character_set_client = @saved_cs_client */;

--
-- Dumping data for table `baiviet`
--

LOCK TABLES `baiviet` WRITE;
/*!40000 ALTER TABLE `baiviet` DISABLE KEYS */;
INSERT INTO `baiviet` VALUES (1,'Gần 400 khách hàng dự lễ tri ân của chủ đầu tư Green Pearl','Tại sự kiện chủ đầu tư trao quà tặng giá trị gần một tỷ đồng để tri ân cư dân','<article class=\"content_detail fck_detail width_common block_ads_connect\">\n                                    <p class=\"NoiDung\">\n                                        Mới đây, lễ tri ân khách hàng dự án Green Pearl 378 Minh Khai được tổ chức tại khách sạn Sheraton Hà Nội. Sự kiện thu hút gần 400 khách hàng tham dự là các cư dân tương lai và khách hàng đang quan tâm, có nhu cầu mua nhà tại dự án .</p>\n                                    <p class=\"NoiDung\">\n                                        Tại sự kiện, đại diện chủ đầu tư - ông Trần Quang Huy, Phó tổng giám đốc Công ty Cổ phần phát triển nhà Phong Phú - Daewon - Thủ Đức cho biết, chủ đầu tư cũng như các đơn vị nhà thầu đang nỗ lực hoàn thiện các khâu cuối cùng nhằm đảm bảo chất lượng công\n                                        trình và tiến độ bàn giao trong quý ba năm nay.\n                                    </p>\n                                    <table align=\"center\" border=\"0\" cellpadding=\"2\" cellspacing=\"0\" class=\"tplCaption\">\n                                        <tbody>\n                                            <tr>\n                                                <td style=\"text-align: center;\">\n                                                    <img alt=\"Ông Trần Quang Huy phát biểu tại sự kiện tri ân.\" data-natural-h=\"300\" data-natural-width=\"500\" src=\"https://i-kinhdoanh.vnecdn.net/2019/04/25/181217581-w500-2683-1556169130.png\" style=\"\">\n                                                </td>\n                                            </tr>\n                                            <tr>\n                                                <td>\n                                                    <p class=\"Image\">\n                                                        Ông Trần Quang Huy phát biểu tại sự kiện tri ân.</p>\n                                                </td>\n                                            </tr>\n                                        </tbody>\n                                    </table>\n                                    <p class=\"NoiDung\">\n                                        Một trong những nội dung thu hút sự quan tâm của khách hàng là chương trình bốc thăm trúng thưởng. Hai khách hàng đã may mắn trúng các giải thưởng lớn, giá trị gần một tỷ đồng. Đại diện chủ đầu tư chia sẻ, chương trình là món quà để tri ân khách hàng\n                                        đã tin tưởng và lựa chọn dự án.</p>\n                                    <table align=\"center\" border=\"0\" cellpadding=\"2\" cellspacing=\"0\" class=\"tplCaption\">\n                                        <tbody>\n                                            <tr>\n                                                <td style=\"text-align: center;\">\n                                                    <img alt=\"Các khách hàng của Green Pearl 378 Minh Khai chúc mừng hàng xóm tương lai khi trúng giải thưởng lớn.\" data-natural-h=\"332\" data-natural-width=\"500\" src=\"https://i-kinhdoanh.vnecdn.net/2019/04/25/1005347789-w500-2801-1556169131.png\" style=\"\">\n                                                </td>\n                                            </tr>\n                                            <tr>\n                                                <td>\n                                                    <p class=\"Image\">\n                                                        Các khách hàng của Green Pearl 378 Minh Khai chúc mừng \"hàng xóm\" tương lai khi trúng giải thưởng lớn.</p>\n                                                </td>\n                                            </tr>\n                                        </tbody>\n                                    </table>\n                                    <p class=\"NoiDung\">\n                                        Chị Nguyễn Thị Cẩm Tú (Hà Nội) - chủ nhân căn chung cư mã số B12A02 là khách hàng may mắn trúng ôtô Mazda 3 trị giá 700 triệu đồng.</p>\n                                    <p class=\"NoiDung\">\n                                        Ngoài ra, chị Trần Thị Thu Phương (Hà Nội) là chủ nhân căn hộ B0405 cũng là chủ nhân giải thưởng xe máy Honda SH mode ABS trị giá 70 triệu từ chủ đầu tư và đơn vị phân phối dự án Cenland.\n                                    </p>\n                                    <table align=\"center\" border=\"0\" cellpadding=\"2\" cellspacing=\"0\" class=\"tplCaption\">\n                                        <tbody>\n                                            <tr>\n                                                <td style=\"text-align: center;\">\n                                                    <img alt=\"Hai cư dân tương lai của dự án vui mừng khi trúng giải thưởng giá trị của chương trình.\" data-natural-h=\"310\" data-natural-width=\"500\" src=\"https://i-kinhdoanh.vnecdn.net/2019/04/25/1761693851-w500-5082-1556169131.png\" style=\"\">\n                                                </td>\n                                            </tr>\n                                            <tr>\n                                                <td>\n                                                    <p class=\"Image\">\n                                                        Hai cư dân tương lai của dự án vui mừng khi trúng giải thưởng giá trị của chương trình.</p>\n                                                </td>\n                                            </tr>\n                                        </tbody>\n                                    </table>\n                                    <p class=\"NoiDung\">\n                                        Bên cạnh đó, nhiều khách hàng đến tìm hiểu dự án cũng may mắn nhận các phần thưởng là voucher trị giá 2 triệu đồng do đơn vị phân phối dự án Cenland trao tặng.\n                                    </p>\n                                    <p class=\"NoiDung\">\n                                        Đại diện chủ đầu tư cho biết, tất cả các khách hàng khi đến tham dự sự kiện đã đặt cọc hoặc thực hiện ký hợp đồng mua bán căn hộ Green Pearl đều được nhận gói ưu đãi 40% từ các thương hiệu Malloca, Home Living, Aconcept. </p>\n                                    <table align=\"center\" border=\"0\" cellpadding=\"2\" cellspacing=\"0\" class=\"tplCaption\">\n                                        <tbody>\n                                            <tr>\n                                                <td style=\"text-align: center;\">\n                                                    <img alt=\"Tất cả các khách hàng khi đến tham dự sự kiện đều nhận được quà tặng tri ân từ chủ đầu tư.\" data-natural-h=\"332\" data-natural-width=\"500\" src=\"https://i-kinhdoanh.vnecdn.net/2019/04/25/656042829-w500-7676-1556169132.png\" style=\"\">\n                                                </td>\n                                            </tr>\n                                            <tr>\n                                                <td>\n                                                    <p class=\"Image\">\n                                                        Tất cả các khách hàng khi đến tham dự sự kiện đều nhận được quà tặng tri ân từ chủ đầu tư.</p>\n                                                </td>\n                                            </tr>\n                                        </tbody>\n                                    </table>\n                                    <p class=\"NoiDung\">\n                                        Green Pearl nằm ở quận Minh Khai - một trong những nơi có tốc độ đô thị hóa nhanh tại Hà Nội. Dự án nằm trên trục đường nối Minh Khai - Vĩnh Tuy - Yên Duyên. Trục đường này khi đưa vào sử dụng đồng bộ cùng các tuyến đường Tam Trinh mở rộng, Lĩnh Nam mở\n                                        rộng... sẽ tạo thành hệ thống giao thông kết nối với các tuyến vành đai 2 và vành đai 3, phát triển giao thông khu vực Nam Hà Nội. Nhiều chuyên gia dự đoán đây sẽ là đòn bẩy tăng giá bất động sản tại khu vực Tam\n                                        Trinh - Minh Khai.\n                                    </p>\n                                    <p class=\"NoiDung\">\n                                        Green Pearl 378 Minh Khai sở hữu thiết kế xanh cùng chuỗi các tiện ích nội khu hiện đại như bể bơi ngoài trời, trường mầm non quốc tế, khu tập yoga, phòng xông hơi, phòng tập thể dục, khu tập dưỡng sinh, siêu thị, nhà hàng, khu cà phê...\n                                    </p>\n                                    <p class=\"NoiDung\">\n                                        Căn hộ có thiết kế với ban công đón gió và ánh sáng tự nhiên, tạo nên cảm giác thông thoáng và dễ chịu. Từ diện tích 87m2, đội ngũ kiến trúc sư đến từ Singapore đã tạo nên căn hộ 3 phòng ngủ với đầy đủ chức năng, phù hợp cho gia đình 3 thế hệ. Dự án hiện\n                                        chào bán với giá 2,9 tỷ đồng mỗi căn hộ 3 phòng ngủ</p>\n                                </article>','2019-06-19',1,10,38,1,'Bất Động Sản','https://i-kinhdoanh.vnecdn.net/2019/04/25/181217581-w500-2683-1556169130.png','1',NULL),(2,'Hoa Tiên Paradise đẩy nhanh tiến độ thi công hạ tầng ','Gần 95% hạng mục đường, cây xanh, chiếu sáng tại dự án Hoa Tiên Paradise - Xuân','\n<article class=\"content_detail fck_detail width_common block_ads_connect\">\n                                    <p class=\"NoiDung\">\n                                        Đại diện Công ty cổ phần Hồng Lam Xuân Thành (thành viên trực thuộc của Vabis Group) - chủ đầu tư dự án cho biết, các hạng mục liên quan tới hạ tầng cơ bản đang gấp rút hoàn thiện gồm hệ thống giao thông đường xá, thoát nước, hạ tầng cây xanh, chiếu sáng...\n                                        đảm bảo phục vụ nhu cầu dân sinh.</p>\n                                    <table align=\"center\" border=\"0\" cellpadding=\"2\" cellspacing=\"0\" class=\"tplCaption\">\n                                        <tbody>\n                                            <tr>\n                                                <td style=\"text-align: center;\">\n                                                    <img alt=\"Các tuyến đường nội khu đang được thảm nhựa.\" data-natural-h=\"375\" data-natural-width=\"500\" src=\"https://i-kinhdoanh.vnecdn.net/2019/04/25/912792317-w500-4746-1556176365.png\" style=\"\"></td>\n                                            </tr>\n                                            <tr>\n                                                <td>\n                                                    <p class=\"Image\">\n                                                        Các tuyến đường nội khu đang được thảm nhựa.</p>\n                                                </td>\n                                            </tr>\n                                        </tbody>\n                                    </table>\n                                    <p class=\"NoiDung\">\n                                        Các tuyến đường nhánh của các biệt thự biển từ L2-3-4-5-6 đã hoàn thiện và trải nhựa đẹp. Phần cuối của đại lộ Hồng Lam và các tuyến đường nhánh của biệt thự biển từ L7-8-9-10-11-12-13 đang trải base lớp một, dự kiến sẽ hoàn thành vào cuối tháng 06/2019.\n                                    </p>\n                                    <p class=\"NoiDung\">\n                                        Song song với công tác xây dựng hạ tầng cơ bản, chủ đầu tư cũng đang triển khai các hạng mục xây dựng dân dụng. Cuối tháng 4, phần móng của các biệt thự biển sẽ hoàn thiện. Hiện khu biệt thự biển, biệt thự golf, shophouse đang được san lấp mặt bằng. Chủ\n                                        đầu tư đã đưa điện, nước đến từng lô biệt thự biển, biệt thự Hồng Lam; lắp xong đặt đường ống, cấp thoát nước cho khu shophouse.</p>\n                                    <table align=\"center\" border=\"0\" cellpadding=\"2\" cellspacing=\"0\" class=\"tplCaption\">\n                                        <tbody>\n                                            <tr>\n                                                <td style=\"text-align: center;\">\n                                                    <img alt=\"Công trường tập nập thi công.\" data-natural-h=\"375\" data-natural-width=\"500\" src=\"https://i-kinhdoanh.vnecdn.net/2019/04/25/1556741704-w500-6022-1556176366.png\" style=\"\"></td>\n                                            </tr>\n                                            <tr>\n                                                <td>\n                                                    <p class=\"Image\">\n                                                        Công trường tập nập thi công.</p>\n                                                </td>\n                                            </tr>\n                                        </tbody>\n                                    </table>\n                                    <p class=\"NoiDung\">\n                                        Bên cạnh đó, một số hạng mục hạ tầng cảnh quan và tiện ích chung cũng hoàn thiện như trồng cây xanh dọc trục Hồng Lam và những tuyến đường nội khu giữa các block biệt thự biển. Ngoài ra, trường đua chó, sân golf 18 hố cũng được nâng cấp, đầu tư để sẵn\n                                        sàng đón khách hàng đến trải nghiệm dịch vụ vào mùa hè này.</p>\n                                    <table align=\"center\" border=\"0\" cellpadding=\"2\" cellspacing=\"0\" class=\"tplCaption\">\n                                        <tbody>\n                                            <tr>\n                                                <td style=\"text-align: center;\">\n                                                    <img alt=\"Các hạng mục hạ tầng cơ bản đang được gấp rút hoàn thiện.\" data-natural-h=\"375\" data-natural-width=\"500\" src=\"https://i-kinhdoanh.vnecdn.net/2019/04/25/659635235-w500-4688-1556176367.png\" style=\"\"></td>\n                                            </tr>\n                                            <tr>\n                                                <td>\n                                                    <p class=\"Image\">\n                                                        Các hạng mục hạ tầng cơ bản đang được gấp rút hoàn thiện.</p>\n                                                </td>\n                                            </tr>\n                                        </tbody>\n                                    </table>\n                                    <p class=\"NoiDung\">\n                                        \"Chủ đầu tư và các nhà thầu thi công quyết tâm thi công và hoàn thiện dự án chất lượng và hoàn thiện xây dựng trong 18 tháng\", đại diện Công ty Hồng Lam Xuân Thành cho biết.</p>\n                                    <p class=\"NoiDung\">\n                                        Sở hữu hơn 2km bờ biển Xuân Thành, Hoa Tiên Paradise được quy hoạch trên diện tích hơn 121ha với nhiều loại hình sản phẩm: biệt thự biển, biệt thự golf, biệt thự sân vườn, shophoue...</p>\n                                    <table align=\"center\" border=\"0\" cellpadding=\"2\" cellspacing=\"0\" class=\"tplCaption\">\n                                        <tbody>\n                                            <tr>\n                                                <td style=\"text-align: center;\">\n                                                    <img alt=\"Hình ảnh chụp thực tế tại dự án Hoa Tiên Paradise - Xuân Thành Golf and Resort\" data-natural-h=\"269\" data-natural-width=\"500\" src=\"https://i-kinhdoanh.vnecdn.net/2019/04/25/884428585-w500-3965-1556176368.png\" style=\"\"></td>\n                                            </tr>\n                                            <tr>\n                                                <td>\n                                                    <p class=\"Image\">\n                                                        Hình ảnh chụp thực tế tại dự án Hoa Tiên Paradise - Xuân Thành Golf and Resort</p>\n                                                </td>\n                                            </tr>\n                                        </tbody>\n                                    </table>\n                                    <p class=\"NoiDung\">\n                                        Ngoài vị trí đẹp, Hoa Tiên Paradise còn thu hút khách hàng với nhiều tiện ích hiện hữu như sân golf 18 hố, trường đua chó, bên cạnh khu camping beach, nhà hàng khách sạn ven biển 5 sao đang triển khai xây dựng...</p>\n                                    <p class=\"NoiDung\">\n                                        Chủ đầu tư kỳ vọng sau khi hoàn thiện và đi vào khai thác sử dụng, Hoa Tiên Paradise - Xuân Thành Golf and Resort sẽ góp phần thay đổi diện mạo du lịch của khu vực qua đó thúc đẩy phát triển kinh tế - xã hội địa phương.</p>\n                                    <div class=\"box_brief_info\">\n                                </article>','2019-06-07',1,12,26,1,'Bất Động Sản','https://i-kinhdoanh.vnecdn.net/2019/04/25/912792317-w500-4746-1556176365.png','1',NULL),(3,'Tiêu thụ điện ở TP HCM cao kỷ lục trong 10 năm qua','Tháng 4, lượng điện tiêu thụ tính theo ngày của TP HCM cao nhất đạt 90,038 triệu','\n<article class=\"content_detail fck_detail width_common block_ads_connect\">\n                                    <p class=\"NoiDung\">\n                                        Tổng công ty Điện lực TP HCM (EVN HCMC) cho biết, lượng điện năng tiêu thụ từ đầu năm đến nay liên tục đi lên. Tính đến hết tháng 3/2019, sản lượng tiêu thụ đạt 2,38 tỷ kWh, tăng hơn 44% so với tháng 2 (1,65 tỷ kwh). Chưa hết tháng 4 nhưng lượng tiêu\n                                        thụ dự kiến của tháng có thể ở mức 2,5 tỷ kWh - mức cao nhất trong 10 năm qua của TP HCM.</p>\n                                    <table align=\"center\" border=\"0\" cellpadding=\"3\" cellspacing=\"0\" class=\"tplCaption\">\n                                        <tbody>\n                                            <tr>\n                                                <td>\n                                                    <img alt=\"Tiêu thụ điện ở TP HCM cao kỷ lục trong 10 năm qua\" data-natural-h=\"238\" data-natural-width=\"500\" src=\"https://i-kinhdoanh.vnecdn.net/2019/04/27/dien11-1556330587-1556330604-8001-1556331083.png\">\n                                                </td>\n                                            </tr>\n                                        </tbody>\n                                    </table>\n                                    <p class=\"NoiDung\">\n                                        Trong tháng 4, lượng điện năng tiêu thụ ngày cao nhất đã đạt mức 90,038 triệu kWh, đạt đỉnh của 10 năm và cao gấp 2,5 lần so với ngày 6/2 - ngày thấp nhất tính từ đầu năm khi đạt 35,5 triệu kwh.</p>\n                                    <p class=\"NoiDung\">\n                                        Nguyên nhân chính dẫn đến sản lượng điện tiêu thụ tăng cao kỷ lục là nắng nóng kéo dài, có ngày trong tháng 4 nhiệt độ đạt 40-42 độ C. Cũng chính vì nắng nóng, sản lượng tiêu dùng điện tháng 4 của nhiều hộ gia đình, doanh nghiệp cao gấp 2-3 lần so với\n                                        tháng 3.</p>\n                                    <p class=\"NoiDung\">\n                                        Trước đó, nhiều khách hàng cũng \"sốc\" khi nhận được hóa đơn tiền điện tháng 4. Nhiều hộ cho biết, tiền điện tăng gấp 2-4 lần so với những tháng trước đó. Tuy nhiên, các khách hàng này cũng đã được EVN HCMC giải thích.</p>\n                                    <p class=\"NoiDung\">\n                                        Theo ông <span style=\"color:rgb(34,34,34);\">Nguyễn Duy Quốc Việt, Phó tổng giám\n                                            đốc EVN HCMC, có 3\n                                            nguyên nhân dẫn đến giá tiền điện \"nhảy vọt\". Thứ nhất là </span>tình hình nắng nóng, nhu cầu sử dụng các thiết bị làm mát (đặc biệt là máy lạnh) tăng cao khiến sản lượng điện tiêu thụ tăng đột biến. Thứ hai\n                                        là tháng 2 có 28 ngày và nhiều ngày nghỉ Tết Nguyên Đán trong khi tháng 3 có 31 ngày và các cơ quan, doanh nghiệp trở lại hoạt động bình thường. Một yếu tố khác là việc thay đổi giá bán điện theo Quyết định số 648/\n                                        QĐ-BCT của Bộ Công Thương (tăng 8,36%).</p>\n                                    <p class=\"NoiDung\">\n                                        EVN HCMC cũng khuyến cáo cần nâng cao ý thức sử dụng điện an toàn, tiết kiệm, hiệu quả. Mặt khác, TP HCM nằm trong khu vực có bức xạ mặt trời mạnh nên tiềm năng sử dụng điện mặt trời rất lớn. Do vậy, khách hàng có thể lắp đặt hệ thống điện mặt trời trên\n                                        mái nhà để tiết kiệm chi phí tiền điện hàng tháng, đồng thời bảo vệ môi trường do sử dụng nguồn năng lượng sạch, năng lượng tái tạo. </p>\n                                    <p class=\"NoiDung\" style=\"text-align:right;\">\n                                    </p>\n                                </article>','2019-06-07',1,20,29,1,'Doanh Nhân','https://i-kinhdoanh.vnecdn.net/2019/04/27/dien11-1556330587-1556330604-8001-1556331083.png','2',NULL),(4,'Bamboo Airways xin khai thác trên 30 máy bay',' Việc tăng thêm máy bay của Bamboo có thể khiến lượng máy bay trong nước tăng,','\n<article class=\"content_detail fck_detail width_common block_ads_connect\">\n                                    <p class=\"NoiDung\">\n                                        Tháng 3, Công ty TNHH Hàng không Tre Việt đã đề nghị Bộ Giao thông Vận tải cấp lại Giấy phép kinh doanh vận chuyển hàng không do tăng vốn điều lệ từ 700 tỷ đồng lên 1.300 tỷ đồng; thay đổi người đại diện pháp luật là ông Trịnh Văn Quyết thay cho ông Đặng\n                                        Tất Thắng; thay đổi việc khai thác đến 10 tàu bay lên trên 30 tàu bay. </p>\n                                    <p class=\"NoiDung\">\n                                        Trong báo cáo gửi Bộ Giao thông Vận tải mới đây, Cục Hàng không đánh giá Bamboo Airways đủ điều kiện để cấp lại giấy phép kinh doanh vận chuyển hàng không với nội dung thay đổi về người đại diện, tăng vốn điều lệ, bổ sung danh sách chi nhánh. </p>\n                                    <p class=\"NoiDung\">\n                                        Đối với nội dung thay đổi khai thác trên 30 máy bay, Cục Hàng không nhận định, đây là vấn đề cần xem xét một cách kỹ lưỡng, thấu đáo trên cơ sở các quy định của pháp luật, nhu cầu thị trường, phù hợp của hạ tầng cảng hàng không cũng như năng lực Bamboo\n                                        Airways và thực tiễn việc đảm bảo giám sát an toàn hàng không của Cục Hàng không. </p>\n                                    <table align=\"center\" border=\"0\" cellpadding=\"3\" cellspacing=\"0\" class=\"tplCaption\">\n                                        <tbody>\n                                            <tr>\n                                                <td>\n                                                    <img alt=\"Bamboo Airways đang khai thác 17 đường bay nội địa. Ảnh: Anh Tú. \" data-natural-h=\"453\" data-natural-width=\"680\" src=\"https://i-vnexpress.vnecdn.net/2019/04/26/2-1547628283-680x0-2039-1556245077.jpg\">\n                                                </td>\n                                            </tr>\n                                            <tr>\n                                                <td>\n                                                    <p class=\"Image\">\n                                                        Bamboo Airways đang khai thác 17 đường bay nội địa. Ảnh: Anh Tú.\n                                                    </p>\n                                                </td>\n                                            </tr>\n                                        </tbody>\n                                    </table>\n                                    <p class=\"NoiDung\">\n                                        Cục Hàng không đã yêu cầu Công ty Tre Việt giải trình rõ thêm về nguồn lực khai thác tàu bay và cung cấp các hợp đồng tuyển dụng lao động đã ký kết, các hợp đồng dịch vụ mặt đất, kế hoạch tuyển dụng, đào tạo nhân lực để khai thác đội máy bay 40 chiếc\n                                        trong năm 2019. </p>\n                                    <p class=\"NoiDung\">\n                                        <span style=\"color:#696969;\"><strong>Cùng với đó, Cục Hàng không cho biết, nguồn\n                                                lực\n                                                hiện tại của Cục chỉ đảm bảo quản lý được đến 256 tàu bay đăng ký quốc\n                                                tịch\n                                                Việt Nam. </strong></span>Như vậy, nếu Bamboo Airways khai thác 40 máy bay trong năm 2019 và việc nhận thêm máy bay của các hãng hàng không khác thì tổng số máy bay\n                                        của các hãng hàng không Việt Nam là 277 chiếc đến cuối năm 2019, tăng 61 chiếc so với hiện tại và vượt quá 21 chiếc so với năng lực giám sát của Cục. </p>\n                                    <p class=\"NoiDung\">\n                                        Do đó, Cục Hàng không kiến nghị Bộ Giao thông xem xét việc cấp lại giấy phép kinh doanh vận chuyển hành khách của Tre Việt. Sau khi hãng có văn bản giải trình, Cục sẽ tiếp tục kiểm tra thẩm định và báo cáo Bộ. </p>\n                                    <p class=\"NoiDung\">\n                                        Trả lời về văn bản của Cục Hàng không, đại diện Bamboo Airways cho biết đã chuẩn bị cẩn thận và bài bản cho kế hoạch phát triển trong tương lai, trong đó đáp ứng đủ điều kiện về việc tăng số lượng máy bay khai thác. Nhưng do tồn tại một số vấn đề thuộc\n                                        cơ quan quản lý như vấn đề hạ tầng, nên Cục cần phải xin ý kiến của Bộ Giao thông trước khi quyết định có đồng ý hay không.</p>\n                                    <p class=\"NoiDung\">\n                                        Bamboo Airways được thành lập giữa năm ngoái, với vốn điều lệ 700 tỷ đồng. Hãng hàng không này hiện là hãng bay thứ 5 tại Việt Nam có giấy phép bay vận chuyển hành khách. </p>\n                                    <p class=\"NoiDung\">\n                                        Tính đến đầu tháng 3, Bamboo Airways đã thực hiện hơn 1.000 chuyến bay và hiện khai thác 17 đường bay nội địa. Hãng cũng lên kế hoạch mở đường bay quốc tế đến Singapore, Nhật Bản, Hàn Quốc từ tháng 4 và 5.</p>\n                                    <p class=\"NoiDung\" style=\"text-align:right;\">\n                                    </p>\n                                </article>','2019-06-07',1,15,21,2,'Doanh Nhân','https://i-vnexpress.vnecdn.net/2019/04/26/2-1547628283-680x0-2039-1556245077.jpg','3',NULL),(5,'Nổ súng ở trường đại học Mỹ, ít nhất hai người thiệt mạng','Cảnh sát lục soát các tòa nhà trong trường để tìm kiếm nghi phạm, trong khi người thiệt mạng được xác định là hai nam sinh.','<article class=\"content_detail fck_detail width_common block_ads_connect\">\n                                    <table align=\"center\" border=\"0\" cellpadding=\"3\" cellspacing=\"0\" class=\"tplCaption\">\n                                        <tbody>\n                                            <tr>\n                                                <td>\n                                                    <img alt=\"Cảnh sát phong tỏa tại Đại học Bắc Carolina sau vụ nổ súng hôm 30/4. Ảnh: NBC.\" data-natural-h=\"282\" data-natural-width=\"500\" src=\"https://i-vnexpress.vnecdn.net/2019/05/01/xa-sung-2286-1556668824.jpg\">\n                                                </td>\n                                            </tr>\n                                            <tr>\n                                                <td>\n                                                    <p class=\"Image\">\n                                                        Cảnh sát phong tỏa tại Đại học Bắc Carolina sau vụ nổ súng hôm 30/4. Ảnh: <em>NBC</em>.</p>\n                                                </td>\n                                            </tr>\n                                        </tbody>\n                                    </table>\n                                    <p class=\"NoiDung\">\n                                        Đại học Bắc Carolina, Mỹ xác nhận ít nhất hai người thiệt mạng và 4 người bị thương trong vụ nổ súng ở trường hôm 30/4. Những người bị thương được đưa tới bệnh viện điều trị, trong khi người thiệt mạng là hai nam sinh 17 và 18 tuổi.\n                                    </p>\n                                    <p class=\"NoiDung\">\n                                        \"Xảy ra nổ súng. Hãy chạy, ẩn nấp hoặc kháng cự. Tự bảo vệ tính mạng mình ngay lập tức\", văn phòng ứng phó khẩn cấp của trường đăng trên Twitter. Cảnh sát đã phong tỏa trường và lục soát các tòa nhà. Một nghi phạm đã bị bắt.</p>\n                                    <p class=\"NoiDung\">\n                                        Đại học Bắc Carolina hiện vẫn đóng cửa để đảm bảo an toàn. Một số sinh viên trong thư viện mô tả họ đã trốn dưới gầm bàn hoặt tắt đèn, nhiều người gọi điện thông báo cho gia đình.</p>\n                                    <p class=\"NoiDung\">\n                                        \"Chúng tôi ở trong thư viện khoảng 5-10 phút và mọi người bắt đầu chạy. Chúng tôi không hiểu chuyện gì đang xảy ra. Sau đó chúng tôi núp dưới bàn cho đến khi một cảnh sát tới hỏi có ai trong thư viện không và yêu cầu các sinh viên rời đi\", một nữ sinh\n                                        nói.\n                                    </p>\n                                    <p class=\"NoiDung\">\n                                        Theo thông tin trên trang web của trường, có khoảng 30.000 sinh viên đang theo học tại Đại học Bắc Carolina.\n                                    </p></article>','2019-06-07',3,13,56,2,'Chính Trị','https://i-vnexpress.vnecdn.net/2019/05/01/xa-sung-2286-1556668824.jpg','4',NULL),(6,'Tổng thống Venezuela khẳng định quân đội \'trung thành tuyệt đối\'','Tổng thống Maduro trấn an người dân sau khi một nhóm binh sĩ ủng hộ thủ lĩnh đối','<article class=\"content_detail fck_detail width_common block_ads_connect\">\n                                    <table align=\"center\" border=\"0\" cellpadding=\"3\" cellspacing=\"0\" class=\"tplCaption\">\n                                        <tbody>\n                                            <tr>\n                                                <td>\n                                                    <img alt=\"Tổng thống Venezuela Nicolas Maduro phát biểu trong một lễ kỷ niệm tại thủ đô Caracas hôm 13/4. Ảnh: Reuters.\" data-natural-h=\"300\" data-natural-width=\"500\" src=\"https://i-vnexpress.vnecdn.net/2019/04/30/5cc85bf1fc7e93a4118b45a1-JPG-4592-1556639704.jpg\">\n                                                </td>\n                                            </tr>\n                                            <tr>\n                                                <td>\n                                                    <p class=\"Image\">\n                                                        Tổng thống Venezuela Nicolas Maduro phát biểu trong một lễ kỷ niệm tại thủ đô Caracas hôm 13/4. Ảnh: <em>Reuters</em>.</p>\n                                                </td>\n                                            </tr>\n                                        </tbody>\n                                    </table>\n                                    <p class=\"NoiDung\">\n                                        \"Tôi đã nói chuyện với tất cả chỉ huy, những người bày tỏ sự trung thành tuyệt đối của họ với nhân dân, hiến pháp và tổ quốc. Tôi kêu gọi huy động quần chúng ở mức tối đa nhằm đảm bảo chiến thắng của hòa bình. Chúng ta sẽ vượt qua\", Tổng thống Venezuela\n                                        Nicolas Maduro hôm nay viết trên Twitter.</p>\n                                    <p class=\"NoiDung\">\n                                        Phát biểu của ông Maduro được đưa ra sau khi một nhóm binh sĩ ủng hộ thủ lĩnh đối lập Juan Guaido đang nỗ lực thực hiện kế hoạch đảo chính. Trong đoạn video quay gần căn cứ không quân La Carlota hôm nay, Guaido tuyên bố thời cơ đã đến và kêu gọi quân\n                                        đội lật đổ chính quyền Maduro. \"24 bang của đất nước đã đi theo con đường này và không quay đầu lại. Tương lai là của chúng ta\", ông nói. </p>\n                                    <p class=\"NoiDung\">\n                                        Nhân chứng tại căn cứ La Carlota cho biết những người đàn ông mặc quân phục đi cùng Guaido đã đấu súng với các binh sĩ ủng hộ Maduro. Hơi cay cũng xuất hiện tại khu vực này.</p>\n                                    <table align=\"center\" border=\"0\" cellpadding=\"3\" cellspacing=\"0\" class=\"tplCaption\">\n                                        <tbody>\n                                            <tr>\n                                                <td>\n                                                    <img alt=\"Một binh sĩ ném hơi cay gần căn cứ La Carlota ở thủ đô Caracas, Venezuela hôm nay. Ảnh: Reuters.\" data-natural-h=\"340\" data-natural-width=\"500\" src=\"https://i-vnexpress.vnecdn.net/2019/04/30/tai-xuong-8439-1556639704.jpg\">\n                                                </td>\n                                            </tr>\n                                            <tr>\n                                                <td>\n                                                    <p class=\"Image\">\n                                                        Một binh sĩ ném hơi cay gần căn cứ La Carlota ở thủ đô Caracas, Venezuela hôm nay. Ảnh:\n                                                        <em>Reuters</em>.</p>\n                                                </td>\n                                            </tr>\n                                        </tbody>\n                                    </table>\n                                    <p class=\"NoiDung\">\n                                        Chính quyền Venezuela cho biết họ đang đối mặt với \"một nỗ lực đảo chính nhỏ\" do \"những kẻ phản bội trong quân đội\" tiến hành và được các đối thủ cánh hữu hỗ trợ. Bộ trưởng Quốc phòng Venezuela Vladimir Padrino khẳng định tất cả doanh trại và căn cứ quân\n                                        sự vẫn hoạt động bình thường và nhấn mạnh quyết tâm bảo vệ chính phủ.</p>\n                                    <p class=\"NoiDung\">\n                                        Cuộc khủng hoảng kinh tế chính trị ở Venezuela ngày càng sâu sắc sau khi Chủ tịch Quốc hội Guaido tự nhận là \"tổng thống lâm thời\". Mỹ và hơn 50 nước ủng hộ thủ lĩnh đối lập, trong khi Maduro vẫn được quân đội hậu thuẫn và được Nga, Trung Quốc cùng nhiều\n                                        nước khác công nhận là tổng thống hợp pháp.</p>','2019-06-07',1,10,39,2,'Chính Trị','https://i-vnexpress.vnecdn.net/2019/04/30/5cc85bf1fc7e93a4118b45a1-JPG-4592-1556639704.jpg','3',NULL),(7,'Người dân giải cứu phụ xe kẹt trong cabin sau tai nạn liên hoàn ','Ôtô khách, xe container và xe tải đâm liên hoàn trên quốc lộ','\n<article class=\"content_detail fck_detail width_common block_ads_connect\">\n                                    <p class=\"NoiDung\">\n                                        Sáng 28/4, Nguyễn Minh Phú (29 tuổi) lái xe container trên quốc lộ 1. Khi qua xã Hàm Kiệm, huyện Hàm Thuận Nam (Bình Thuận), xe tông mạnh vào đuôi ôtô khách chạy trước.\n                                    </p>\n                                    <table align=\"center\" border=\"0\" cellpadding=\"3\" cellspacing=\"0\" class=\"tplCaption\">\n                                        <tbody>\n                                            <tr>\n                                                <td>\n                                                    <img alt=\"Cabin xe đông lạnh bẹp rúm. Ảnh: Phan Thành\" data-natural-h=\"340\" data-natural-width=\"500\" src=\"https://i-vnexpress.vnecdn.net/2019/04/28/tai-nan-lien-hoan-7354-1556413454.jpg\">\n                                                </td>\n                                            </tr>\n                                            <tr>\n                                                <td>\n                                                    <p class=\"Image\">\n                                                        Cabin xe đông lạnh bẹp rúm. Ảnh: <em>Phan Thành.</em></p>\n                                                </td>\n                                            </tr>\n                                        </tbody>\n                                    </table>\n                                    <p class=\"NoiDung\">\n                                        Cùng lúc, ôtô tải đông lạnh do Hoàng Lý (32 tuổi) chạy tông mạnh vào xe container khiến cabin bẹp rúm.</p>\n                                    <p class=\"NoiDung\">\n                                        Nghe tiếng kêu cứu trong xe tải, người dân dùng xà beng và máy cưa sắt phá cửa đưa phụ xe ra ngoài trong tình trạng dập nát hai chân. Tài xế của ba xe cùng hàng chục hành khách bị thương nhẹ. </p>\n                                    <p class=\"NoiDung\">\n                                        Do lượng xe nghỉ lễ đi du lịch đông khiến đoạn đường kẹt xe cục bộ nhiều giờ liền, CSGT Bình Thuận có mặt điều tiết. </p>\n\n                                </article>','2019-06-07',1,12,16,1,'Giao Thông','https://i-vnexpress.vnecdn.net/2019/04/28/tai-nan-lien-hoan-7354-1556413454.jpg','1',NULL),(8,' Xe máy tông ôtô khách trên đèo Prenn, một người tử vong ','Ôtô khách đang chở 40 hành khách lên Đà Lạt thì xe máy tông trực diện làm một người chết, một người bị thương.','<p class=\"NoiDung\">\n                                    Khuya 27/4, ông Nguyễn Tâm (48 tuổi) lái xe khách 45 chỗ, hướng từ TP HCM về Lâm Đồng. Khi ôtô tới đèo Prenn (Đà Lạt) thì xe máy do anh Phạm Tiến Thành (36 tuổi) chở theo thanh niên 24 tuổi đi chiều ngược lại đâm trực diện.\n                                </p>\n                                <p class=\"NoiDung\">\n                                    Cú tông mạnh khiến xe máy biến dạng, nằm trước đầu ôtô. Nam thanh niên chết tại chỗ, anh Tiến Thành bị thương nặng.</p>\n                                <p class=\"NoiDung\">\n                                    Tài xế xe khách cho biết đang chở 40 người lên Đà Lạt, mọi người đều an toàn. Sau tai nạn, các hành khách lên xe khác tiếp tục hành trình.</p>\n                                <p class=\"NoiDung\">\n                                    Theo CSGT Lâm Đồng, để giảm ùn tắc giao thông dịp lễ 30/4 và 1/5, đơn vị đã cấm xe khách lên đèo Prenn. Cụ thể, từ ngày 27/4 đến 30/4, tất cả ôtô (trừ xe buýt) từ 29 chỗ trở lên chạy từ hướng huyện Đức Trọng về Đà Lạt sẽ đi đường đèo Mimosa. Tuy nhiên,\n                                    rất nhiều xe khách vẫn tiếp tục lên đèo Prenn.</p>','2019-06-07',1,14,22,2,'Giao Thông','https://i-vnexpress.vnecdn.net/2019/04/28/tai-nan-1-9268-1556410786.jpg','1',NULL),(9,'Real ra ngoài Top 4 nếu mùa giải bắt đầu từ khi Zidane trở lại','Sự trở lại của HLV Zinedine Zidane chưa phải là một phép màu như CĐV mong đợi,','<article class=\"content_detail fck_detail width_common block_ads_connect\">\n                                    <p class=\"NoiDung\">\n                                        Zidane đã trở lại cầm quyền ở Real được 50 ngày, dẫn dắt đội bóng đá tám trận. Kết quả mà ông đạt được chỉ gồm bốn chiến thắng (đều trên sân nhà), hai trận hòa và hai thua.</p>\n                                    <p class=\"NoiDung\">\n                                        Với thành tích đó, Real có 14 điểm. Nếu mùa giải bắt đầu từ khi Zidane trở lại, vị trí dành cho nhà cựu vô địch châu Âu tại La Liga chỉ là thứ năm, sau Barca (20 điểm), Atletico (18), Bilbao (16) và Sevilla (15). Đây là vị trí thấp hơn một bậc so với\n                                        thực tế, nơi Real đã chắc suất trong Top 4 và có vé dự Champions League mùa sau.</p>\n                                    <table align=\"center\" border=\"0\" cellpadding=\"3\" cellspacing=\"0\" class=\"tplCaption\">\n                                        <tbody>\n                                            <tr>\n                                                <td>\n                                                    <img alt=\"Thành tích nhiệm kỳ hai của Zidane chưa có dấu hiệu cải thiện so với hai vị tiền nhiệm Lopetegui và Solari.\" data-natural-h=\"282\" data-natural-width=\"500\" src=\"https://i-thethao.vnecdn.net/2019/04/30/zi2-3349-1556593682.jpg\">\n                                                </td>\n                                            </tr>\n                                            <tr>\n                                                <td>\n                                                    <p class=\"Image\">\n                                                        Thành tích nhiệm kỳ hai của Zidane chưa có dấu hiệu cải thiện so với hai vị tiền nhiệm Lopetegui và Solari.</p>\n                                                </td>\n                                            </tr>\n                                        </tbody>\n                                    </table>\n                                    <p class=\"NoiDung\">\n                                        Vị \"thuyền trưởng\" người Pháp từng hy vọng ổn định con tàu Real và hướng đến mùa giải sau với đánh giá đầy đủ về lực lượng. Nhưng từ khi tái xuất, ông phải vật lộn để đánh dấu quyền lực. Tương tự hai vị tiền nhiệm, Zidane chưa thể vực dậy phong độ của\n                                        từng cầu thủ cũng như toàn đội.\n                                    </p>\n                                    <p class=\"NoiDung\">\n                                        Nếu nhìn vào thành tích ghi bàn, CĐV cũng khó có đánh giá lạc quan. Real mới chỉ có 12 bàn trong tám trận vừa qua, kém 17 bàn của Barca, 15 của Villarreal, 14 của Levante và 13 của Atletico và Sevilla. Một vấn đề khác của Real là quá phụ thuộc vào Karim\n                                        Benzema, người ghi tám trong 12 bàn này.</p>\n                                    <p class=\"NoiDung\">\n                                        Điều tích cực nhất được rút ra từ Real thời gian gần đây là thành tích phòng ngự. Thầy trò Zidane có bảy bàn lọt lưới trong tám trận, chỉ nhiều hơn một so với Barca và Atletico. Họ có ba trận giữ sạch lưới.\n                                    </p>\n                                    <p class=\"NoiDung\">\n                                        Real còn ba trận cuối mùa giải 2018-2019 gặp Villarreal, Sociedad và Betis. Đây là thời gian quý giá còn lại để Zidane đánh giá thêm về những cầu thủ cần giữ lại, hoặc loại bỏ để chuẩn bị cho mùa mới.\n                                    </p>\n                                    <p class=\"NoiDung\" style=\"text-align:right;\">\n                                    </p>\n                                </article>','2019-06-07',1,12,16,1,'Thể Thao Thế Giới','https://i-thethao.vnecdn.net/2019/04/30/zi2-3349-1556593682.jpg','2',NULL),(10,'HLV Park giục thủ môn Bùi Tiến Dũng mua nhà','Nhà cầm quân người Hàn Quốc khuyên thủ môn của tuyển Việt Nam dồn tiền tích cóp được từ bóng đá, sớm mua nhà tại Hà Nội.','<article class=\"content_detail fck_detail width_common block_ads_connect\">\n                                    <p class=\"NoiDung\">\n                                        Nhìn thấy một toà nhà đẹp trên đường Cầu Giấy, HLV Park Hang-seo lập tức hỏi giá của căn hộ ở đây. Nhận được câu trả lời vào khoảng bốn tỷ đồng, nhà cầm quân người Hàn Quốc nhờ trợ lý quy đổi ra tiền won của quê hương ông để dễ hình dung.</p>\n                                    <p class=\"NoiDung\">\n                                        \"Dũng, cậu mua nhà ở Hà Nội này chưa?\", bất chợt HLV Park Hang-seo quay người lại phía sau để hỏi thủ thành Bùi Tiến Dũng khi cả hai đang trên đường đi nhận quà 2,5 tỷ đồng từ Công ty Cổ phần Đầu tư Kinh doanh Địa ốc Hưng Thịnh -\n                                        <a href=\"https://vnexpress.net/the-thao/tuyen-viet-nam-nhan-thuong-2-5-ty-dong-truoc-them-vong-loai-u23-chau-a-3894779.html\">\n                                            Hung Thinh Corp</a> cho thành tích lọt vào tứ kết Asian Cup 2019.</p>\n                                    <table align=\"center\" border=\"0\" cellpadding=\"3\" cellspacing=\"0\" class=\"tplCaption\">\n                                        <tbody>\n                                            <tr>\n                                                <td>\n                                                    <img alt=\"Thủ môn Bùi Tiến Dũng. \" data-natural-h=\"338\" data-natural-width=\"500\" src=\"https://i-thethao.vnecdn.net/2019/03/21/54519328-399329854184555-57265-2690-6941-1553139033.png\">\n                                                </td>\n                                            </tr>\n                                            <tr>\n                                                <td>\n                                                    <p class=\"Image\">\n                                                        Thủ môn Bùi Tiến Dũng. </p>\n                                                </td>\n                                            </tr>\n                                        </tbody>\n                                    </table>\n                                    <p class=\"NoiDung\">\n                                        Khi cậu học trò trả lời là chưa mua nhà ở thủ đô, HLV Park Hang-seo nhăn mặt bày tỏ sự không hài lòng. Ông biết từ sau khi giành HC bạc giải U23 châu Á, Tiến Dũng kiếm được khá nhiều tiền từ thưởng, quảng cáo...Và ông cho rằng việc anh chưa sớm \"an cư\"\n                                        là bất hợp lý bởi mới chuyển tới đầu quân cho Hà Nội. Nhưng rồi HLV Park Hang-seo nhanh chóng thay đổi thái độ, vỗ tay tán thưởng cậu học trò cưng khi nhận được lời giải thích.</p>\n                                    <p class=\"NoiDung\">\n                                        \"Con dùng tiền kiếm được lo nhà cửa cho bố mẹ ở quê đã ạ\", Tiền Dũng giải thích.\n                                    </p>\n                                    <p class=\"NoiDung\">\n                                        \"Rất tốt. Nhưng nhớ sau khi lo cho bố mẹ xong phải tập trung dồn tiền mua nhà ở đây nhé\", HLV Park Hang-seo đáp lại.</p>\n                                    <p class=\"NoiDung\">\n                                        Trước vòng chung kết U23 châu Á 2018, Tiến Dũng chỉ là cầu thủ trẻ, lương chưa tới 10 triệu đồng mỗi tháng. Tuy nhiên, nhờ màn trình diễn xuất thần trên đất Thường Châu, giúp đội nhà lập kỳ tích giành HC bạc, anh trở thành cầu thủ nổi tiếng, kiếm được\n                                        khoản lớn từ các hợp đồng quảng cáo cũng như nhiều giải thưởng. Thủ môn sinh năm 1997 ngay lập tức dồn tiền, xây cho bố mẹ một căn nhà khang trang thay cho ngôi nhà cấp bốn tuềnh toàng ở huyện Ngọc Lặc, tỉnh Thanh\n                                        Hóa.\n                                    </p>\n                                    <p class=\"NoiDung\">\n                                        \"Lo được cho bố mẹ căn nhà tôi mới yên tâm. Nhưng giờ nhà to mà có ai ở đâu. Bố mẹ tôi đến ở nhà anh chị, vừa tiện trông cháu, vừa trông nom cụm sân cỏ nhân tạo giúp tôi\", Tiến Dũng chia sẻ thêm với\n                                        <em>VnExpress</em>.</p>\n                                    <table align=\"center\" border=\"0\" cellpadding=\"3\" cellspacing=\"0\" class=\"tplCaption\">\n                                        <tbody>\n                                            <tr>\n                                                <td>\n                                                    <img alt=\"Thủ môn Bùi Tiến Dũng và cầu thủ Đỗ Hùng Dũng tại sự kiện nhận thưởng 2,5 tỷ đồng từ Hung Thinh Corp mới đây.\" data-natural-h=\"333\" data-natural-width=\"500\" align=\"center\" src=\"https://i-thethao.vnecdn.net/2019/03/21/54395488-260533121563746-56757-2168-9826-1553139033.jpg\">\n                                                </td>\n                                            </tr>\n                                            <tr>\n                                                <td>\n                                                    <p class=\"Image\">\n                                                        Thủ môn Bùi Tiến Dũng và cầu thủ Đỗ Hùng Dũng tại sự kiện nhận thưởng 2,5 tỷ đồng từ Hung Thinh Corp mới đây.</p>\n                                                </td>\n                                            </tr>\n                                        </tbody>\n                                    </table>\n                                    <p class=\"NoiDung\">\n                                        Tiến Dũng cho biết thành công trong hơn một năm qua của bóng đá Việt Nam đã giúp anh và các đồng đội đổi đời. Các tuyển thủ giờ đã có thu nhập tốt, có thể toàn tâm toàn ý chơi bóng mà không phải quá lo lắng chuyện kinh tế. Thủ thành số một của U23 Việt\n                                        Nam cũng hy vọng, từ thành công của anh và các đồng đội, các cầu thủ trẻ sẽ phấn đấu tốt hơn và các gia đình cũng tự tin hơn khi cho con đi theo tập bóng đá.\n                                    </p>\n                                    <p class=\"NoiDung\">\n                                        Tiến Dũng hiện cùng U23 Việt Nam tập trung tại Hà Nội chuẩn bị cho vòng loại U23 châu Á 2020. Anh và các đồng đội sẽ lần lượt tiếp Brunei (22/3), Indonesia (24/3) và Thái Lan (26/3) trên sân nhà Mỹ Đình.\n                                    </p>','2019-06-07',1,12,18,1,'Thể Thao Việt Nam','https://i-thethao.vnecdn.net/2019/03/21/54519328-399329854184555-57265-2690-6941-1553139033.png','2',NULL),(11,'Tiến Minh giành tấm HCĐ lịch sử giải vô địch châu Á ở tuổi 36','Cuộc phiêu lưu của Nguyễn Tiến Minh tại giải vô địch châu Á','<p class=\"NoiDung\">Chiều 27/4 tại Vũ Hán (Trung Quốc), các trận bán kết giải cầu lông vô địch châu Á 2019 đã diễn ra. Trên sân số 2, tay vợt số một Việt Nam Nguyễn Tiến Minh có cuộc đọ sức với Kento Momota (Nhật Bản).\n                                    </p>\n                                    <p class=\"NoiDung\">Tiến Minh từng thắng Momota 3 trong tổng số 5 lần gặp nhau trước đây, nhưng 2 trận gần nhất, chiến thắng lại thuộc về tay vợt người Nhật Bản. Và sau cuộc gặp lần thứ 6 này, tỷ số đối đầu giữa hai tay vợt đã được cân\n                                        bằng.\n                                    </p>\n                                    <table class=\"picture\" align=\"center\">\n                                        <tbody>\n                                            <tr>\n                                                <td class=\"pic\"><img alt=\"Tien Minh gianh tam HCD lich su giai vo dich chau A o tuoi 36 hinh anh 1 \" src=\"https://znews-photo.zadn.vn/w660/Uploaded/neg_etpyole/2019_04_27/Tien_Minh.jpg\" width=\"500\" height=\"auto\" /></td>\n                                            </tr>\n                                            <tr>\n                                                <td class=\"pCaption caption\">Tiến Minh dừng bước ở bán kết giải vô địch châu Á. Ảnh:\n                                                    <em>Sina.</em></td>\n                                            </tr>\n                                        </tbody>\n                                    </table>\n                                    <p class=\"NoiDung\">Trong set đầu tiên, Tiến Minh có khởi đầu tốt trước hạt giống số một của giải. Tay vợt 36 tuổi đã có những chuỗi lên điểm ấn tượng khi dẫn trước 13-8, 14-10 rồi 18-16. Tuy nhiên, Momota đã thể hiện đẳng cấp với những\n                                        pha cầu tinh quái, qua đó thắng liền 5 điểm để lật ngược thế cờ.\n                                    </p>\n                                    <p class=\"NoiDung\">Sang set 2, tay vợt Nhật Bản chủ động tạo ra cách biệt từ sớm, trong khi Tiến Minh dường như đã đuối sức. Momota dẫn trước 7-0 và liên tục duy trì một khoảng cách điểm an toàn. Không mất quá nhiều sức để Momota có chiến\n                                        thắng cách biệt 21-8.</p>\n                                    <p class=\"NoiDung\">Thắng lợi này giúp Kento Momota lọt vào trận chung kết. Đối thủ của anh là người thắng trong cặp đấu giữa Chou Tien Chen (Đài Loan, Trung Quốc) và Shi Yuqi (Trung Quốc).</p>\n                                    <p class=\"NoiDung\">Đối với Tiến Minh, mặc dù dừng bước ở bán kết, anh vẫn có thể vui lòng với tấm HCĐ châu Á lần đầu tiên trong sự nghiệp. Đây cũng là huy chương lịch sử của cầu lông Việt Nam tại giải vô địch châu Á. Dù 36 tuổi, Tiến\n                                        Minh vẫn ấp ủ hy vọng lần thứ 4 trong sự nghiệp tham dự </p>\n\n                                    <p class=\"NoiDung\">Trong chia sẻ mới nhất, tượng đài cầu lông Việt Nam cho biết: \"Bây giờ, việc thi đấu ở các giải Superseries trở nên rất khó khăn. Thay vào đó, tôi sẽ cạnh tranh ở các giải International và Challenge để tích điểm trên\n                                        bảng xếp hạng vòng loại Olympic. Sau đó tôi sẽ lập kế hoạch dựa trên thứ hạng đó\".</p>\n                                    <table class=\"picture screenshot\" align=\"center\">\n                                        <tbody>\n                                            <tr>\n                                                <td class=\"pic\"><img alt=\"Tien Minh gianh tam HCD lich su giai vo dich chau A o tuoi 36 hinh anh 2 \" src=\"https://znews-photo.zadn.vn/w660/Uploaded/neg_etpyole/2019_04_27/TS.JPG\" width=\"500\" height=\"auto\" /></td>\n                                            </tr>\n                                            <tr>\n                                                <td class=\"pCaption caption\">Kết quả trận đấu giữa Momota và Tiến Minh.\n                                                </td>\n                                            </tr>\n                                        </tbody>\n                                    </table>','2019-06-07',1,13,51,1,'Thể Thao Việt Nam','https://znews-photo.zadn.vn/w660/Uploaded/neg_etpyole/2019_04_27/Tien_Minh.jpg','3',NULL),(12,'Nadal và dấu hỏi về triều đại sân đất nện','Hai thất bại liên tiếp ở Monte Carlo và Barcelona khiến người hâm mộ nghĩ đến','<article class=\"content_detail fck_detail width_common block_ads_connect\">\n                                    <p class=\"NoiDung\">\n                                        Mùa giải năm ngoái, Nadal chỉ dự 9 giải (chơi trọn vẹn 7 giải). Và khi gần cán đích ở vị trí số một thế giới, anh phải bỏ lỡ bởi chấn thương. Nhưng đó cũng là giai đoạn chói sáng nhất của Nadal - khi hoàn tất ba cú Undecima lịch sử trên sân đất nện ở\n                                        Monte Carlo, Barcelona và Roland Garros.</p>\n                                    <p class=\"NoiDung\">\n                                        \"Nadal thực chất giống như một siêu anh hùng truyện tranh của Marvel. Trên sân đất nện, cậu ấy giống như một cơn bão hoàn hảo. Hoàn hảo đến mức mà hầu hết các đối thủ chỉ dám nghĩ đến nhặt nhạnh từng điểm số, chứ nào đâu mơ đến chuyện đánh bại nhà Vua\",\n                                        cựu tay vợt người Mỹ, Justin Gimelstob, ví von.\n                                    </p>\n                                    <table align=\"center\" border=\"0\" cellpadding=\"3\" cellspacing=\"0\" class=\"tplCaption\">\n                                        <tbody>\n                                            <tr>\n                                                <td>\n                                                    <img alt=\"Nadal sẽ sang tuổi 33 vào tháng 6 năm nay.\" data-natural-h=\"344\" data-natural-width=\"500\" src=\"https://i-thethao.vnecdn.net/2019/04/30/612b00efeff4-1556580645-4271-1556580798.png\">\n                                                </td>\n                                            </tr>\n                                            <tr>\n                                                <td>\n                                                    <p class=\"Image\">\n                                                        Nadal sẽ sang tuổi 33 vào tháng 6 năm nay.</p>\n                                                </td>\n                                            </tr>\n                                        </tbody>\n                                    </table>\n                                    <p class=\"NoiDung\">\n                                        Nhưng một ngôi sao lớn thường sẽ lóe sáng trước khi vụt tắt trong không gian vũ trụ bao la. Kỷ nguyên vũ trụ điện ảnh Marvel (MCU) rồi cũng đến hồi kết sau chuỗi hành trình 11 năm. Mở đầu cho kết thúc là sự thất bại của các siêu anh hùng ở \"Avengers:\n                                        Infinity War\" trong việc ngăn chặn Thanos dùng các viên Đá Vô cực xóa sổ một nửa vũ trụ, cho đến sự ra đi đầy bi tráng và hào hùng của \"Người sắt\" Iron Man ở hồi kết \"Avengers: Endgame\".</p>\n                                    <p class=\"NoiDung\">\n                                        Bốn trận thua ở mùa giải 2019 cũng chính là bốn nỗi thất vọng lớn nhất của \"Bò tót\", bởi ba trong số đó đã chặn đứng hành trình đến đỉnh vinh quang tột cùng của Nadal đang chuẩn bị bước sang tuổi 33.</p>\n                                    <p class=\"NoiDung\">\n                                        Rất tự tin với kỹ thuật giao bóng mới tiềm ẩn nhiều yếu tố bất ngờ khiến đối thủ trở tay không kịp vì không thể phán đoán được tốc độ bóng, nhưng Nadal vẫn gục ngã ở trận chiến cuối cùng tại Australia Mở rộng bởi Novak Djokovic. Mục tiêu Grand Slam thứ\n                                        18 trôi qua trong sự tiếc nuối, nhưng nỗi đau đó càng bị khoét sâu thêm khi một lần nữa chấn thương đầu gối tái phát khiến Nadal phải nhường vé chung kết Indian Wells cho Roger Federer.</p>\n                                    <p class=\"NoiDung\">\n                                        Những tưởng mùa giải sân đất nện sẽ là nơi Nadal lên tiếng đòi lại những gì đã mất. Nhưng hai giải đấu anh từng tỏa sáng lại chính là nơi khiến \"nhà Vua\" phải ôm hận.</p>\n                                    <p class=\"NoiDung\">\n                                        Ở trận thua Fognini tại bán kết Monte Carlo, nguyên nhân thất bại đến từ chính bản thân Nadal với 25 lỗi đánh hỏng, trong đó có 15 lỗi từ những cú thuận tay. Trong một trận đấu \"tệ nhất 14 năm qua\", tay vợt Tây Ban Nha phản kháng yếu ớt trước khả năng\n                                        đè bóng quá tốt của Fognini, khiến dấy lên câu hỏi về sức khỏe của Nadal mới trở lại sau bốn tuần không thi đấu do chấn thương đầu gối. </p>\n                                    <table align=\"center\" border=\"0\" cellpadding=\"3\" cellspacing=\"0\" class=\"tplCaption\">\n                                        <tbody>\n                                            <tr>\n                                                <td>\n                                                    <img alt=\"Thiem đang được nhắc đến như một người kế vị Nadal trên mặt sân đất nện.\" data-natural-h=\"269\" data-natural-width=\"500\" src=\"https://i-thethao.vnecdn.net/2019/04/30/bbwnrya-jpeg-1556580686-4005-1556580798.png\">\n                                                </td>\n                                            </tr>\n                                            <tr>\n                                                <td>\n                                                    <p class=\"Image\">\n                                                        Thiem đang được nhắc đến như một người kế vị Nadal trên mặt sân đất nện.</p>\n                                                </td>\n                                            </tr>\n                                        </tbody>\n                                    </table>\n                                    <p class=\"NoiDung\">\n                                        Nhưng đến cuộc tái ngộ Thiem ở Barcelona thì Nadal đã phải \"tâm phục khẩu phục\". Vẫn chiến thuật cũ từng giành chiến thắng ở Rome 2017 và Madrid 2018, tay vợt 25 tuổi người Áo đã biến Nadal thành cựu vương trên chính sân đấu mang tên Nadal ở Barcelona.\n                                        \"Cách duy nhất để đánh bại Nadal chính là tấn công chơi áp sát, lấy bóng sớm và buộc anh ấy vào những pha bóng bền\", Thiem chia sẻ.</p>\n                                    <p class=\"NoiDung\">\n                                        Trong mắt giới chuyên môn, Thiem xuất hiện với sứ mệnh lịch sử. Tay vợt người Áo đã phải trải qua chế độ tập luyện khắc nghiệt của \"Gã điên\" Sepp Resnik mới có được thành công như hôm nay. Và mấy ai ngờ danh hiệu Masters 1000 đầu tiên trong sự nghiệp\n                                        của anh lại đến từ mặt sân cứng ở Indian Wells 2019, sau hai trận thua ở chung kết giải đất nện tại Madrid hai năm gần nhất.</p>\n                                    <p class=\"NoiDung\">\n                                        Vén màn bước ra sân triều lộng lẫy, \"Hoàng tử sân đất nện\" xứng đáng nhận lấy vương miện dành cho người kế vị để đặt dấu kết cho triều đại của Nadal đã tồn tại hơn một thập kỷ.\n                                    </p>\n                                    <p class=\"NoiDung\" style=\"text-align:right;\">\n                                    </p>\n                                </article>','2019-06-07',1,11,13,2,'Thể Thao Thế Giới','https://i-thethao.vnecdn.net/2019/04/30/612b00efeff4-1556580645-4271-1556580798.png','3',NULL),(13,'Phim ngắn Việt Nam tranh giải tại LHP Cannes','\"Hãy tỉnh thức và sẵn sàng\" của đạo diễn trẻ Phạm Thiên Ân dự giải','<article class=\"content_detail fck_detail width_common block_ads_connect\">\n                                    <p class=\"NoiDung\" dir=\"ltr\">\n                                        <span style=\"background-color:transparent;vertical-align:baseline;\">Phim ngắn\n                                        </span><em><span\n                                                style=\"background-color:transparent;vertical-align:baseline;\">Hãy tỉnh\n                                                thức và sẵn\n                                                sàng</span></em><span style=\"background-color:transparent;vertical-align:baseline;\"> (<em>Stay\n                                                Awake, Be Ready</em>) kể về vụ tông xe xảy ra trước một quán nhậu ở vỉa\n                                            hè, vô tình kết nối câu\n                                            chuyện của ba thanh niên. Toàn bộ cảnh quay trong tác phẩm được thực hiện\n                                            chỉ với một cú máy dài,\n                                            khắc họa bức tranh xã hội hiện thực qua cuộc nói chuyện và bối cảnh tại khu\n                                            quán nhậu ven\n                                            đường.</span></p>\n                                    <table class=\"tplCaption\" cellspacing=\"0\" cellpadding=\"3\" border=\"0\" align=\"center\">\n                                        <tbody>\n                                            <tr>\n                                                <td>\n                                                    <img alt=\"Một cảnh trong phim.\" data-natural-h=\"281\" data-natural-width=\"500\" src=\"https://i-giaitri.vnecdn.net/2019/04/25/Hay-tinh-thuc-va-san-sang-7696-1556210504.png\">\n                                                </td>\n                                            </tr>\n                                            <tr>\n                                                <td>\n                                                    <p class=\"Image\">\n                                                        Bối cảnh trong phim ngắn chỉ diễn ra ở trước một quán nhậu.</p>\n                                                </td>\n                                            </tr>\n                                        </tbody>\n                                    </table>\n                                    <p class=\"NoiDung\" dir=\"ltr\">\n                                        Sau khi hoàn thành cuối năm 2018, phim được lựa chọn công chiếu tại hạng mục \"Directors’ Fortnight\" (hay còn gọi là Tuần lễ đạo diễn) - một nhánh của Liên hoan phim Cannes, ra đời từ năm 1968 nhằm vinh danh dòng phim nghệ thuật không tranh giải chính.\n                                        Trong hạng mục này,<em> Hãy\n                                            tỉnh thức và sẵn\n                                            sàng</em> tranh tài cùng chín phim ngắn.</p>\n                                    <p class=\"NoiDung\" dir=\"ltr\" style=\"line-height:1.3800000000000001;margin-top:0pt;margin-bottom:10pt;\">\n                                        <span style=\"background-color:transparent;vertical-align:baseline;\">Đạo diễn\n                                            Phạm Thiên Ân chia sẻ:\n                                            \"Được đến Cannes là ước mơ không chỉ của riêng tôi mà còn của rất nhiều nhà\n                                            làm phim. Tôi hồi hộp\n                                            chờ đợi phim của mình sẽ được chiếu trên màn hình lớn tại đây. Trong phim\n                                            dài tôi dự kiến thực hiện,\n                                        </span><em><span\n                                                style=\"background-color:transparent;vertical-align:baseline;\">Hãy tỉnh\n                                                thức và sẵn\n                                                sàng</span></em><span style=\"background-color:transparent;vertical-align:baseline;\"> sẽ là cảnh mở\n                                            đầu. Hy vọng sau bước đầu này, tôi có thể nhanh chóng hoàn thành kế hoạch\n                                            sản xuất và mời được các\n                                            đối tác cùng tham gia dự án\".</span></p>\n                                    <table class=\"tplCaption\" cellspacing=\"0\" cellpadding=\"3\" border=\"0\" align=\"center\">\n                                        <tbody>\n                                            <tr>\n                                                <td>\n                                                    <img alt=\"Đạo diễn Phạm Thiên Ân.\" data-natural-h=\"622\" data-natural-width=\"450\" src=\"https://i-giaitri.vnecdn.net/2019/04/25/Dao-dien-Pham-Thien-An-1178-1556210504.jpg\">\n                                                </td>\n                                            </tr>\n                                            <tr>\n                                                <td>\n                                                    <p class=\"Image\">\n                                                        Đạo diễn Phạm Thiên Ân.</p>\n                                                </td>\n                                            </tr>\n                                        </tbody>\n                                    </table>\n                                    <p class=\"NoiDung\" dir=\"ltr\">\n                                        Phạm Thiên Ân sinh năm 1989, từng giành giải nhì cuộc thi \"Làm phim ngắn 48 giờ\" năm 2014. Năm 2018, phim ngắn <em>Câm lặng</em> (<em>The Mute</em>) của anh được chiếu tại Liên hoan phim ngắn Quốc tế Palm Spring\n                                        và được chọn tranh giải tại gần 15 Liên hoan phim Quốc tế như Winterthur, Tampere, Hong Kong, Encounters, Aspen...</p>\n                                    <p class=\"NoiDung\" dir=\"ltr\" style=\"line-height:1.3800000000000001;margin-top:0pt;margin-bottom:10pt;\">\n                                        <em><span style=\"background-color:transparent;vertical-align:baseline;\">Hãy thức\n                                                tỉnh và sẵn\n                                                sàng</span></em><span style=\"background-color:transparent;vertical-align:baseline;\"><em> </em>nằm\n                                            trong chuỗi phim ngắn được <a\n                                                href=\"https://vnexpress.net/giai-tri/phim-ngan-viet-ra-mat-tai-lhp-berlin-2019-3885053.html\">hỗ\n                                                trợ</a> kinh phí trong cuộc thi do một nhà phát hành Việt Nam tổ chức.\n                                            Trước đó, phim ngắn\n                                        </span><em><span\n                                                style=\"background-color:transparent;vertical-align:baseline;\">Một khu\n                                                đất\n                                                tốt</span></em><span style=\"background-color:transparent;vertical-align:baseline;\"> của đạo diễn\n                                            Phạm Ngọc Lân - cũng thắng giải ở cuộc thi này - đã tranh tài ở <a\n                                                href=\"https://vnexpress.net/giai-tri/phim-ngan-viet-tranh-giai-o-lhp-berlin-2019-3868948.html\">LHP\n                                                Berlin</a> (Đức) đầu năm nay.</span></p>\n                                    <p class=\"NoiDung\" dir=\"ltr\" style=\"line-height:1.3800000000000001;margin-top:0pt;margin-bottom:10pt;\">\n                                        <span style=\"background-color:transparent;vertical-align:baseline;\">Liên hoan\n                                            phim Cannes lần thứ 72\n                                            sẽ diễn ra từ ngày 14/5 đến 25/5. Ở hạng mục \"Tuần lễ đạo diễn\", trưởng ban\n                                            giám khảo là nhà làm\n                                            phim người Colombia - Ciro Guerra. Ông từng có tác phẩm </span><em>Embrace\n                                            of the Serpent</em><span style=\"background-color:transparent;vertical-align:baseline;\"> được đề cử\n                                            Oscar 2016 ở hạng mục\n                                            \"Phim nói tiếng nước ngoài hay nhất\". </span></p>','2019-06-07',1,12,14,2,'Phim Ảnh','https://i-giaitri.vnecdn.net/2019/04/25/Hay-tinh-thuc-va-san-sang-7696-1556210504.png','1',NULL),(14,'\'Cua lại vợ bầu\' phát sóng độc quyền tại Fim+','Sau khi rời rạp chiếu vào cuối tháng 3, tác phẩm có mặt trên Fim+ từ ngày 25/4.','<article class=\"content_detail fck_detail width_common block_ads_connect\">\n                                    <p class=\"NoiDung\">\n                                        Dịch vụ xem phim trực tuyến Fim+ vừa công bố là đơn vị khai thác, công chiếu bộ phim <em>Cua lại vợ\n                                            bầu</em>. Phim đã thu hút lượng khán giả lớn, chiếm số suất chiếu cao nhất tại nhiều cụm rạp với sự tham gia của dàn diễn viên Trấn Thành, Ninh Dương Lan Ngọc và nhiều gương mặt nổi bật khác của làng điện ảnh\n                                        Việt.\n                                    </p>\n                                    <table class=\"tplCaption\" cellspacing=\"0\" cellpadding=\"3\" align=\"center\" border=\"0\">\n                                        <tbody>\n                                            <tr>\n                                                <td>\n                                                    <img alt=\"mở ra một năm hoàng kim với nền điện ảnh Việt khi đạt gần 200 tỷ đồng, với 2,7 triệu lượt xem tại các rạp trên toàn quốc.\" data-natural-h=\"373\" data-natural-width=\"500\" src=\"https://i-giaitri.vnecdn.net/2019/04/24/Cualaivobau-2940-1556097016.jpg\">\n                                                </td>\n                                            </tr>\n                                            <tr>\n                                                <td>\n                                                    <p class=\"Image\">\n                                                        <em>Cua lại vợ bầu</em> đạt gần 200 tỷ đồng, với 2,7 triệu lượt xem tại các rạp trên toàn quốc.\n                                                    </p>\n                                                </td>\n                                            </tr>\n                                        </tbody>\n                                    </table>\n                                    <p class=\"NoiDung\">\n                                        Sau khi rời rạp chiếu vào cuối tháng 3, <em>Cua lại vợ bầu </em>sẽ có mặt sớm nhất và độc quyền trên dịch vụ xem phim trực tuyến Fim+ từ ngày 25/4 tại địa chỉ movies.fimplus.vn.\n                                    </p>\n                                    <p class=\"NoiDung\">\n                                        Bà Trương Nguyễn Thu Hà - Giám đốc Fim+ cho biết, là bộ phim gây ấn tượng nhờ câu chuyện lãng mạn và hài hước, đơn vị này mong muốn kéo dài hơn nữa \"đời sống\" của <em>Cua lại vợ\n                                            bầu</em> sau khi hạ rạp, giúp đại đa số khách hàng của Fim+ nói riêng và công chúng yêu điện ảnh nói chung có thể tiếp cận nhanh nhất.</p>\n                                    <p class=\"NoiDung\">\n                                        Khán giả có thể thưởng thức trọn vẹn từng phút giây vui nhộn, sinh động của bộ phim theo định dạng HD/FullHD trên các nền tảng mà Fim+ phát triển như: smartTV, smartphone, website, máy tính bảng. Ngoài ra, khán giả cũng có thể xem phim trên các thiết\n                                        bị đầu cuối như box FPT TV, box MyTV. Phim được đặt trong gói phim có phí của Fim+, với giá 50.000 đồng.</p>\n                                    <p class=\"NoiDung\">\n                                        Trong lần công chiếu này của <em>Cua lại vợ bầu</em>, Fim+ sẽ gửi đến khán giả nhiều đoạn phim hậu trường vui nhộn, những thước phim chưa được công bố của nữ diễn viên Khả Như và các diễn viên khác. Món quà nhỏ\n                                        này đến từ Fim+ được kỳ vọng sẽ mang thêm tiếng cười sảng khoái, giây phút giải trí thoải mái đến nhiều khán giả.</p>\n                                    <p class=\"NoiDung\">\n                                        Thời gian này, Fim+ đồng thời giới thiệu tới khán giả những thay đổi về trải nghiệm dịch vụ mới mẻ. Theo đó, Fim+ gia tăng số lượng phim điện ảnh bom tấn và giờ phim bộ đặc sắc trong các gói \"Fim+ Chuẩn\" và gói \"Fim+ Cao cấp\".</p>\n                                    <p class=\"NoiDung\">\n                                        Cụ thể, gói \"Fim+ Chuẩn\" có 2.000 phim điện ảnh, 5.000 giờ phim bộ; gói \"Fim+ Cao cấp\" có 3.000 phim điện ảnh và 8.000 giờ phim bộ. Gói \"Fim+ Cao cấp\" với nhiều lựa chọn về thời gian thuê bao như 3, 6 và 12 tháng, đi kèm mức giá cạnh tranh, tiết kiệm.</p>\n                                    <p class=\"NoiDung\">\n                                        Nhân dịp lễ 30/4, tất cả khách hàng đăng ký gói \"Fim+ cao cấp\" thời hạn 12 tháng hưởng mức khuyến mãi lên đến 50% và được xem <em>Cua lại vợ bầu</em> với giá 0 đồng. Chương trình áp dụng từ ngày 25/4 đến hết 22/5.</p>\n                                    <p class=\"NoiDung\">\n                                        Theo bà Trương Nguyễn Thu Hà, với việc gia tăng số lượng phim điện ảnh và số giờ phim bộ, Fim+ cam kết mang tới cho khách hàng những trải nghiệm thú vị nhất khi xem những bộ phim đỉnh cao, trên nền tảng trực tuyến. Fim+ luôn đồng hành, ủng hộ phim Việt,\n                                        mong muốn đưa những tác phẩm hấp dẫn đến với công chúng yêu điện ảnh, trong thời gian sớm nhất với mức giá hợp lý.</p>\n                                    <div class=\"box_quangcao list_news mg_bottom_20\">\n                                        <div class=\"block_image_news width_common\">\n                                            <div class=\"title_news\">\n                                                <p class=\"NoiDung\">\n                                                    Fim+ đã phát sóng các phim Việt doanh thu cao như <em>Cua lại vợ\n                                                        bầu</em>, <em>Em chưa 18</em>, series <em>Lật mặt</em>, kho phim Hollywood và phim châu Á đặc sắc. Ngoài ra, Fim+ còn cung cấp hơn 8.000 giờ phim bộ tuyển chọn và 500 giờ phim thiếu nhi vui nhộn.\n                                                </p>\n                                                <p class=\"NoiDung\">\n                                                    Fim+ đồng thời là một trong những dịch vụ xem phim trực tuyến chú trọng về công nghệ, với danh mục phim 4K lớn và âm thanh nổi Dolby 5.1, đem lại cho người xem cảm giác xem rạp đích thực.</p>\n                                            </div>\n                                        </div>\n                                    </div>\n\n                                </article>','2019-06-07',1,1,10,1,'Phim Ảnh','https://i-giaitri.vnecdn.net/2019/04/24/Cualaivobau-2940-1556097016.jpg','2',NULL),(15,'Vietnam Sillicon Valley đầu tư vào Minet Asia ','Nguồn vốn này sẽ giúp startup Minet mở rộng hoạt động tại Việt Nam, Thái Lan và Indonesia, tạo nền tảng phát triển ra toàn Đông Nam Á trong thời gian tới.','<p class=\"NoiDung\">\n                                            Lễ ký kết đầu tư góp vốn vòng 2 của Vietnam Sillicon Valley (VSV) vào startup Minet - mạng lưới SocialFeed Marketing tại Việt Nam vừa diễn ra ở TP HCM ngày 23/4. Hai bên không công bố tổng vốn đầu tư và tiến trình giải ngân. Tuy nhiên VSV đánh giá Minet\n                                            là doanh nghiệp tiềm năng, được định giá khoảng trên một triệu USD. </p>\n                                        <table align=\"center\" border=\"0\" cellpadding=\"3\" cellspacing=\"0\" class=\"tplCaption\">\n                                            <tbody>\n                                                <tr>\n                                                    <td>\n                                                        <img alt=\"Ông Gibs Song (trái) - nhà đầu tư VSVA) Ký kết đầu tư của Vietnam Sillicon Valley vòng 2 vào startup Minet\" data-natural-h=\"338\" data-natural-width=\"565\" src=\"https://i-startup.vnecdn.net/2019/04/25/20190423-191430-2-2889-1556099-2139-6303-1556155264.png\">\n                                                    </td>\n                                                </tr>\n                                                <tr>\n                                                    <td>\n                                                        <p class=\"Image\">\n                                                            Ông Gibs Song (trái) - đối tác đầu tư của VSVA và ông Đặng Thanh Định (phải) - sáng lập Minet ký kết thỏa thuận.</p>\n                                                    </td>\n                                                </tr>\n                                            </tbody>\n                                        </table>\n                                        <p class=\"NoiDung\">\n                                            Ông Gibs Song - đối tác đầu tư của Vietnam Sillicon Valley Accelerator (VSVA) đánh giá Minet sở hữu đội ngũ nhân sự chất lượng, sáng tạo, cung cấp sản phẩm và dịch mang đến cách tiếp cận và làm marketing hiệu quả cho các nhãn hàng.</p>\n                                        <p class=\"NoiDung\">\n                                            Như vậy, tính đến thời điểm hiện tại, Minet đã nhận vốn từ hai nhà đầu tư lớn là VSVA và Lotte Accelerator. Trong sự kiện này, Minet cũng giới thiệu công nghệ mới SocialFeed Marketing giúp các doanh nghiệp tiếp cận khách hàng tiềm năng với chi phí thấp\n                                            hơn 11 lần so với nền tảng thông thường.</p>\n                                        <p class=\"NoiDung\">\n                                            Chia sẻ về kế hoạch phát triển sau khi nhận đầu tư từ VSV, đại diện Minet cho biết công ty sẽ tập trung phát triển mạnh trên 3 nước Việt Nam, Thái Lan, Indonesia và mở rộng ra toàn Đông Nam Á trong vòng 2 năm. Doanh nghiệp vẫn tiếp tục vòng gọi vốn series\n                                            A trong vòng 6 tháng đến 2 năm tới để hướng đến kế hoạch mở rộng ra toàn cầu.</p>\n                                        <table align=\"center\" border=\"0\" cellpadding=\"3\" cellspacing=\"0\" class=\"tplCaption\">\n                                            <tbody>\n                                                <tr>\n                                                    <td>\n                                                        <img alt=\"Ông Đặng Văn Định chia sẻ về nền tảng mới - SocialFeed Marketing\" data-natural-h=\"336\" data-natural-width=\"560\" src=\"https://i-startup.vnecdn.net/2019/04/25/20190423-192123-7256-155609923-8325-6365-1556155264.png\">\n                                                    </td>\n                                                </tr>\n                                                <tr>\n                                                    <td>\n                                                        <p class=\"Image\">\n                                                            Ông Đặng Thanh Định chia sẻ về nền tảng mới - SocialFeed Marketing.\n                                                        </p>\n                                                    </td>\n                                                </tr>\n                                            </tbody>\n                                        </table>\n                                        <p class=\"NoiDung\">\n                                            Tiền thân là Famus (thành lập ngày 3/7/2018), sau đó đổi tên thành Minet (1/11/2018), định vị ban đầu của startup là nền tảng Influencer Marketing. Nhưng để phù hợp với xu hướng truyền thông hiện tại, Minet đã thay đổi chiến lược và chuyển thành nền tảng\n                                            SocialFeed Marketing. </p>\n                                        <p class=\"NoiDung\">\n                                            Ông Đặng Thanh Định - sáng lập Minet cho rằng hiện nay việc các nhãn hàng chi nhiều tiền cho quảng bá từ những người có tầm ảnh hưởng không còn hiệu quả cao như trước đây. Theo xu thế, marketing sẽ dịch chuyển sang cách tiếp cận mới với nguồn thông tin\n                                            tự nhiên, gần gũi hơn, ví dụ như những tài khoản mạng xã hội có khoảng 1.000 \"friend\" và nhiều tương tác (like, comment, share, click). Thông tin của những người này có thể tiếp cận đến bạn bè và người thân\n                                            của họ với độ tin tưởng cao hơn.</p>\n                                        <p class=\"NoiDung\">\n                                            Minet ghi nhận hiệu quả từ SocialFeed Marketing mang lại so với sử dụng kênh truyền thống giúp thương hiệu tiết kiệm chi phí hơn lên đến 11,2 lần, lượng tương tác cao hơn 380 lần, lượt nhắc đến thương hiệu hoặc chiến dịch cao hơn 39 lần.\n                                        </p>\n                                        <p class=\"NoiDung\">\n                                            Công ty ứng dụng nền tảng công nghệ tiên tiến hiện nay gồm trí tuệ nhân tạo (AI) và công nghệ học máy (Machine Learning). Hệ thống sẽ phân tích nhân khẩu học bao gồm độ tuổi, giới tính, vị trí và sở thích theo dõi người nổi tiếng... phân biệt tài khoản\n                                            thật ảo, sau đó đề xuất danh sách phù hợp với mục tiêu chiến dịch của nhãn hàng.</p>\n                                        <p class=\"NoiDung\">\n                                            Truy xuất báo cáo theo thời gian thực (real time) cũng là một trong những tính năng nổi bật của Minet, giúp thương hiệu theo dõi chiến dịch mọi lúc, mọi nơi, trên mọi thiết bị như máy tính bảng, điện thoại... để có những điều chỉnh kịp thời.\n                                        </p>\n                                        <p class=\"NoiDung\">\n                                            Minet đang hoạt động tại Việt Nam, Thái Lan và Indonesia, kết nối nhiều người có tầm ảnh hưởng trên mạng xã hội Facebook, Instagram, YouTube và Tiktok, triển khai hơn 300 chiến dịch cho nhiều nhãn hàng lớn như Vingroup, Lazada, Casio, Nescafé, Traveloka.</p>','2019-06-07',1,11,20,1,'Khởi Nghiệp','https://i-startup.vnecdn.net/2019/04/25/20190423-191430-2-2889-1556099-2139-6303-1556155264.png','3',NULL),(16,' Chương trình đầu tư khởi nghiệp Vietnam Silicon Valley Accelerator khởi động','Bootcamp 2019 của Vietnam Silicon Valley Accelerator có khoản đầu tư tăng gấp đôi dành cho startup.','<p class=\"NoiDung\">\n                                            Orientation Day nằm trong khuôn khổ Chương trình tăng tốc khởi nghiệp Bootcamp 2019 của Vietnam Silicon Valley Accelerator (VSVA) vừa diễn ra tại TP HCM.</p>\n                                        <p class=\"NoiDung\">\n                                            Sự kiện mở màn cho các hoạt động đầu tư và đào tạo sắp tới của Bootcamp 2019, sau khi chọn ra các startup từ vòng tuyển chọn của VSVA.</p>\n                                        <p class=\"NoiDung\">\n                                            15 startup xuất sắc được chọn đầu tư đến từ 5 quốc gia, mang đến các mô hình và ý tưởng đột phá với các lĩnh vực đa dạng là FinTech, EduTech, Fashion, Robot, Delivery, E-commerce... </p>\n                                        <table align=\"center\" border=\"0\" cellpadding=\"3\" cellspacing=\"0\" class=\"tplCaption\">\n                                            <tbody>\n                                                <tr>\n                                                    <td>\n                                                        <img alt=\"Ths Thạch Lê Anh – Chủ nhiệm đề án Việt Nam Silicon Valley chia sẻ với các startups trong buổi Orienration\" data-natural-h=\"440\" data-natural-width=\"660\" src=\"https://i-startup.vnecdn.net/2019/04/23/Hinh-1-Ths-Thach-Le-Anh-Chu-nh-2024-7585-1556011274.jpg\">\n                                                    </td>\n                                                </tr>\n                                                <tr>\n                                                    <td>\n                                                        <p class=\"Image\">\n                                                            Bà Thạch Lê Anh - Chủ nhiệm đề án Vietnam Silicon Valley chia sẻ với các startup trong buổi Orientation.</p>\n                                                    </td>\n                                                </tr>\n                                            </tbody>\n                                        </table>\n                                        <p class=\"NoiDung\">\n                                            Tại sự kiện, đại diện ban tổ chức cho biết, 15 startup năm nay sẽ được cấp tổng số vốn mồi lên tới 50.000 USD. Khoản đầu tư này gấp đôi năm 2018 và gấp 4 lần so với những ngày đầu tiên VSVA ra mắt tại Việt Nam.\n                                        </p>\n                                        <p class=\"NoiDung\">\n                                            Để có mặt tại chương trình đào tạo, các startup đã vượt qua 4 vòng tuyển chọn, đánh giá nghiêm ngặt của VSVA. Ở vòng đơn, ban tổ chức đã nhận 217 hồ sơ từ 17 quốc gia. Trong đó, 60 hồ sơ xuất sắc bước vào vòng \"Phỏng vấn với chuyên gia\" và chọn ra 25\n                                            đại diện. Tại vòng \"Gặp mặt nhà đầu tư\", 15 nhóm khởi nghiệp nổi bật được đi tiếp.</p>\n                                        <table align=\"center\" border=\"0\" cellpadding=\"3\" cellspacing=\"0\" class=\"tplCaption\">\n                                            <tbody>\n                                                <tr>\n                                                    <td>\n                                                        <img alt=\"Các startups tham gia hoạt động kết nối.\" data-natural-h=\"440\" data-natural-width=\"660\" src=\"https://i-startup.vnecdn.net/2019/04/23/Hinh-3-Cac-startups-tham-gia-h-7788-9188-1556011274.jpg\">\n                                                    </td>\n                                                </tr>\n                                                <tr>\n                                                    <td>\n                                                        <p class=\"Image\">\n                                                            Các startup tham gia hoạt động kết nối.</p>\n                                                    </td>\n                                                </tr>\n                                            </tbody>\n                                        </table>\n                                        <p class=\"NoiDung\">\n                                            Tham dự Bootcamp 2019, các startup sẽ được tham gia vào mạng lưới các đối tác chiến lược và chuyên gia cố vấn thuộc hơn 60 tổ chức, tập đoàn lớn như Lotte, Ngân hàng quốc tế VIB, Tập đoàn Microsoft, Công ty Luật Baker & Mckenzie. Các đơn vị này đến từ\n                                            những lĩnh vực như nông nghiệp, tài chính, giáo dục, trí tuệ nhân tạo, blockchain...</p>\n                                        <p class=\"NoiDung\">\n                                            Ra mắt từ năm 2014, đến nay, VSVA đã đầu tư và ươm tạo 75 startup, tuyển chọn từ hơn 1.200 hồ sơ. Vườn ươm tạo bệ phóng thành công cho hàng loạt các startup từ giai đoạn đầu. Đại diện VSVA cho biết, nhiều startup đã gọi vốn thành công và được định giá\n                                            hàng triệu USD, trong đó, mức cao nhất lên đến 25 triệu USD.</p>\n                                        <p class=\"NoiDung\">\n                                            Để tham gia đợt tuyển chọn startup mới nhất của VSVA vào tháng 7, các startup đăng ký hồ sơ tại <a href=\"http://www.siliconvalley.com.vn/\">website</a></p>\n                                        <p class=\"NoiDung\" style=\"text-align:right;\">\n                                        </p>','2019-06-07',1,19,25,2,'Khởi Nghiệp','https://i-startup.vnecdn.net/2019/04/23/Hinh-1-Ths-Thach-Le-Anh-Chu-nh-2024-7585-1556011274.jpg','2',NULL),(17,'Apple chi cho nghiên cứu ít hơn Samsung, Huawei','Số tiền Apple dùng nghiên cứu và phát triển (R&amp;D) năm','<article class=\"content_detail fck_detail width_common block_ads_connect\">\n                                    <p class=\"NoiDung\">\n                                        Theo báo cáo của <em>Bloomberg</em>, Amazon là công ty chi nhiều nhất cho R&D trong năm 2018 với 28,8 tỷ USD, cao hơn so với mức 21,4 tỷ USD của vị trí thứ hai là Alphabet (công ty mẹ của Google). Samsung (16,7\n                                        tỷ USD) và Huawei (15,3 tỷ USD) lần lượt đứng thứ ba và thứ tư, trong khi Apple ở vị thứ 7 (14,2 tỷ USD).</p>\n                                    <table align=\"center\" border=\"0\" cellpadding=\"3\" cellspacing=\"0\" class=\"tplCaption\">\n                                        <tbody>\n                                            <tr>\n                                                <td>\n                                                    <img alt=\"Apple đứng thứ 7 trong số các hãng chi cho R&D năm 2018. Ảnh: Bloomberg.\" data-natural-h=\"217\" data-natural-width=\"500\" src=\"https://i-sohoa.vnecdn.net/2019/04/28/Screen-Shot-2019-04-28-at-21-4-9521-7130-1556463106.png\">\n                                                </td>\n                                            </tr>\n                                            <tr>\n                                                <td>\n                                                    <p class=\"Image\">\n                                                        Apple đứng thứ 7 trong số các hãng chi cho R&D năm 2018. Ảnh:\n                                                        <em>Bloomberg</em>.</p>\n                                                </td>\n                                            </tr>\n                                        </tbody>\n                                    </table>\n                                    <p class=\"NoiDung\">\n                                        Thống kê cũng cho thấy, Amazon và Huawei là hai công ty bạo chi cho R&D trong 4 năm qua. Ngân sách nghiên cứu năm 2018 của Huawei đã tăng 149% so với năm 2014, trong khi Amazon lên tới 210%. Apple và Alphabet đứng thứ ba và thứ tư với mức tăng 137% và\n                                        118% tương ứng.</p>\n                                    <table align=\"center\" border=\"0\" cellpadding=\"3\" cellspacing=\"0\" class=\"tplCaption\">\n                                        <tbody>\n                                            <tr>\n                                                <td>\n                                                    <img alt=\"Mức tăng ngân sách dùng cho R&D của các công ty giai đoạn 2014 - 2018. Ảnh: Bloomberg.\" data-natural-h=\"223\" data-natural-width=\"500\" src=\"https://i-sohoa.vnecdn.net/2019/04/28/Screen-Shot-2019-04-28-at-21-4-7829-2803-1556463106.png\">\n                                                </td>\n                                            </tr>\n                                            <tr>\n                                                <td>\n                                                    <p class=\"Image\">\n                                                        Mức tăng ngân sách dùng cho R&D của các công ty giai đoạn 2014 - 2018. Ảnh:\n                                                        <em>Bloomberg.</em></p>\n                                                </td>\n                                            </tr>\n                                        </tbody>\n                                    </table>\n                                    <p class=\"NoiDung\">\n                                        Tuy nhiên, nếu tính tỷ lệ phần trăm số tiền cho nghiên cứu so với doanh thu, Alphabet và Huawei mới là những cái tên đứng đầu. Alphabet đã chi tới 16% doanh thu của năm 2018 cho R&D, trong khi Huawei là 14%, còn Apple chỉ ở mức 5%.</p>\n                                    <p class=\"NoiDung\">\n                                        <em>Phonearena</em> nhận định, Huawei là doanh nghiệp đạt hiệu quả cao nhất khi đầu tư vào nghiên cứu trong khoảng bốn năm trở lại đây, khi không ít sáng tạo của công ty điện thoại Trung Quốc trở thành xu hướng.\n                                        Chẳng hạn, Huawei P20 Pro là điện thoại đầu tiên có cụm camera ba ống kính và được nhiều hãng học theo, hay Mate 20 Pro có tính năng sạc ngược không dây và Samsung sau đó cũng có sản phẩm tương tự là Galaxy S10.</p>\n                                    <p class=\"NoiDung\">\n                                        Bên cạnh đó, việc đưa vào camera dạng \"kính tiềm vọng\" trên P30 Pro của Huawei hứa hẹn sẽ là xu hướng mới trên smartphone trong tương lai, đặc biệt là khả năng zoom quang 5x (zoom hybrid 10x) và zoom số lên tới 50x. Tuy nhiên, nó đang bị\n                                        <a href=\"https://vnexpress.net/so-hoa/nghi-van-huawei-p30-pro-danh-lua-nguoi-dung-chup-trang-3915913.html\">nghi\n                                            ngờ\n                                        </a> đánh lừa người dùng khi sử dụng chế độ chụp mặt trăng (Moon Mode).\n                                    </p>\n                                    <p class=\"NoiDung\" style=\"text-align:right;\">\n                                    </p>\n                                </article>','2019-06-07',1,11,13,1,'Mobile','https://ichef.bbci.co.uk/news/660/cpsprodpb/B65A/production/_107028664_22cfa6cd-f079-40ab-ad3e-7c88549d52e4.jpg','4',NULL),(18,'Qualcomm \'đút túi\' hơn 4,5 tỷ USD sau khi làm hòa với Apple ','Apple được cho là đã trả cho Qualcomm 4,5 - 4,7 tỷ USD để','<article class=\"content_detail fck_detail width_common block_ads_connect\">\n                                    <p class=\"NoiDung\">\n                                        Theo <em>Bloomberg</em>, số tiền trên được Apple chi trả để giải quyết bất đồng trong cuộc chiến pháp lý kéo dài hơn hai năm. Nó cũng là chi phí cho các sáng chế của Qualcomm mà công ty sử dụng trên nhiều sản phẩm\n                                        (trong đó có iPhone) thời gian này.</p>\n                                    <table align=\"center\" border=\"0\" cellpadding=\"3\" cellspacing=\"0\" class=\"tplCaption\">\n                                        <tbody>\n                                            <tr>\n                                                <td>\n                                                    <img alt=\"Việc bắt tay trở lại có lợi cho cả Qualcomm lẫn Apple. Ảnh: AppleStatus.\" data-natural-h=\"281\" data-natural-width=\"500\" src=\"https://i-sohoa.vnecdn.net/2019/05/02/Apple-Qualcomm-3643-1556805260.jpg\">\n                                                </td>\n                                            </tr>\n                                            <tr>\n                                                <td>\n                                                    <p class=\"Image\">\n                                                        Việc bắt tay trở lại có lợi cho cả Qualcomm lẫn Apple. Ảnh:\n                                                        <em>AppleStatus</em>.</p>\n                                                </td>\n                                            </tr>\n                                        </tbody>\n                                    </table>\n                                    <p class=\"NoiDung\">\n                                        <em>Verge</em> đánh giá, số tiền này khá quan trọng với cả Qualcomm lẫn Apple, cho thấy sự phụ thuộc lẫn nhau giữa cả hai. Khi căng thẳng diễn ra, việc mất một khách hàng lớn như Apple khiến Qualcomm thiệt hại về\n                                        doanh thu từ bán chip và bán bản quyền. Trong khi đó, việc không có hãng chip Mỹ khiến công ty iPhone gặp nhiều rắc rối, đặc biệt là chất lượng chip từ đối tác mới (Intel) chưa cho kết quả mong đợi, cũng như chậm\n                                        chân trong công nghệ 5G.</p>\n                                    <p class=\"NoiDung\">\n                                        \"Chúng tôi rất vui mừng khi đạt thỏa thuận nhiều năm với Apple và mong muốn tiếp tục hỗ trợ họ với tư cách khách hàng\", Steve Mollenkopf, Giám đốc điều hành Qualcomm, cho biết trong một tuyên bố.</p>\n                                    <p class=\"NoiDung\">\n                                        Theo <em>CNBC</em>, số tiền 4,5 - 4,7 tỷ USD có vẻ lớn, nhưng nó chỉ bằng khoảng hơn 1/50 lượng tiền mặt mà Apple tích trữ, khoảng 225 tỷ USD. Trong khi đó, do đã bắt tay trở lại với Qualcomm, cổ phiếu công ty iPhone\n                                        hiện vượt mốc 210 USD/cổ phiếu, biến vốn hóa thị trường của hãng tiệm cận 1.000 tỷ USD.</p>\n                                </article>','2019-06-07',1,14,30,1,'Mobile','https://i-sohoa.vnecdn.net/2019/05/02/Apple-Qualcomm-3643-1556805260.jpg','2',NULL),(19,'Khởi nghiệp ngành Công nghệ thông tin: Dễ hay khó?',' không khó để lí giải vì sao có tới 70% cộng đồng startup tại Việt Nam hiện nay khởi nghiệp trong lĩnh vực công nghệ thông tin','  <div class=\"col-12\">\n                                    <section class=\"videowrapper ytvideo\">\n                                        <a href=\"javascript:void(0);\" class=\"close-button\"></a>\n                                        <div class=\"gradient-overlay\"></div>\n                                        <i class=\"fa fa-arrows-alt\" aria-hidden=\"true\"></i>\n                                        <iframe class=\"featured-video\" width=\"300\" height=\"200\" src=\"https://www.youtube.com/embed/aKA-s8m3Wjw?enablejsapi=1&amp;controls=1&amp;\" frameborder=\"0\" allowfullscreen></iframe>\n\n                                    </section>\n                                </div>\n\n                                <p class=\"NoiDung\">\n                                    VTC | Với ưu điểm là vốn đầu tư ít, khả năng quay vòng nhanh, không khó để lí giải vì sao có tới 70% cộng đồng startup tại Việt Nam hiện nay khởi nghiệp trong lĩnh vực công nghệ thông tin\n                                </p>','2019-06-14',1,1,5,1,'Khởi Nghiệp','https://i.ytimg.com/vi/aKA-s8m3Wjw/hqdefault.jpg?sqp=-oaymwEZCNACELwBSFXyq4qpAwsIARUAAIhCGAFwAQ==&rs=AOn4CLBxQYTUwO4UbUCTvShRhyYrmmrMjg','1',NULL),(20,'Trăm năm Không Quên','#BIN #cover ca khúc Trăm Năm Không Quên đầy da diết và đầy tình cảm ♪♪','  <div class=\"col-12\">\n                                    <section class=\"videowrapper ytvideo\">\n                                        <a href=\"javascript:void(0);\" class=\"close-button\"></a>\n                                        <div class=\"gradient-overlay\"></div>\n                                        <i class=\"fa fa-arrows-alt\" aria-hidden=\"true\"></i>\n                                        <iframe class=\"featured-video\" width=\"300\" height=\"200\" src=\"https://www.youtube.com/embed/0mn7H7qkl50?enablejsapi=1&amp;controls=1&amp;\" frameborder=\"0\" allowfullscreen></iframe>\n                                    </section>\n                                </div>\n                                <p class=\"NoiDung col-12\">\n                                    Ca khúc ♪♪ TRĂM NĂM KHÔNG QUÊN ♪♪<br> St : Đức Thịnh<br> #BIN #cover ca khúc Trăm Năm Không Quên đầy da diết và đầy tình cảm ♪♪<br> ➤ Video được quay và thu âm mộc tại chỗ, được thực hiện bởi #Hianhtrai tại Huyện núi\n                                    #ALưới - TT Huế\n                                </p>','2019-06-16',1,1,9,1,'Âm Nhạc','https://i.ytimg.com/vi/0mn7H7qkl50/hqdefault.jpg?sqp=-oaymwEZCNACELwBSFXyq4qpAwsIARUAAIhCGAFwAQ==&rs=AOn4CLBO6skLmBh_AjJTfUy4iL-p0HMugA','1',NULL),(21,'CLB Hà Nội được xóa án treo vì pháo sáng trên sân Hàng Đẫy','Sáng 26/4, Ban Giải quyết khiếu nại VFF đã lấy ý kiến của từng thành viên của ban về đơn khiếu nại của CLB Hà Nội và ban tổ chức trận đấu sân Hàng Đẫy. Trước đó vào ngày 24.4, Ban Kỷ luật VFF đã có quyết định: Phạt ban tổ chức trận đấu của CLB Hà Nội 70 triệu đồng và phải tổ chức trận đấu tiếp theo cho CLB bóng đá Hà Nội trên sân nhà không có khán giả do để xảy ra tình trạng khán giả đốt pháo sáng nhiều lần trong sân vận động.','  <div class=\"col-12\">\n                                    <section class=\"videowrapper ytvideo\">\n                                        <a href=\"javascript:void(0);\" class=\"close-button\"></a>\n                                        <div class=\"gradient-overlay\"></div>\n                                        <i class=\"fa fa-arrows-alt\" aria-hidden=\"true\"></i>\n                                        <iframe class=\"featured-video\" width=\"300\" height=\"200\" src=\"https://www.youtube.com/embed/GerpKOVgD8g?enablejsapi=1&amp;controls=1&amp;\" frameborder=\"0\" allowfullscreen></iframe>\n\n                                    </section>\n                                </div>\n                                <p class=\"NoiDung\"><strong>\n                                Sáng 26/4, Ban Giải quyết khiếu nại VFF đã lấy ý kiến của từng thành viên của ban về đơn khiếu nại của CLB Hà Nội và ban tổ chức trận đấu sân Hàng Đẫy. Trước đó vào ngày 24.4, Ban Kỷ luật VFF đã có quyết định: Phạt ban tổ chức trận đấu của CLB Hà Nội 70 triệu đồng và phải tổ chức trận đấu tiếp theo cho CLB bóng đá Hà Nội trên sân nhà không có khán giả do để xảy ra tình trạng khán giả đốt pháo sáng nhiều lần trong sân vận động.</strong></p>\n','2019-06-16 20:24:14',1,1,5,2,'Thể Thao Việt Nam','https://encrypted-tbn3.gstatic.com/images?q=tbn:ANd9GcSrpz1aCeeivzb1LcPyCcmoh3Sook3Nf6w3NmpQMj6DfK9Evt84qDcpnCP6','6',NULL),(69,'ád','ádas     \r\n                                                       ','<p><img alt=\"\" src=\"https://images.pexels.com/photos/414612/pexels-photo-414612.jpeg?auto=compress&amp;cs=tinysrgb&amp;dpr=1&amp;w=500\" style=\"height:355px; width:500px\" /></p>\r\n\r\n<p>&nbsp;</p>\r\n\r\n<p><iframe frameborder=\"1\" scrolling=\"yes\" src=\"https://www.youtube.com/embed/E-FX_cvdrsg\"></iframe></p>\r\n','2019-06-19',1,1,3,1,'Chính Trị','https://images.pexels.com/photos/414612/pexels-photo-414612.jpeg?auto=compress&cs=tinysrgb&dpr=1&w=500','6',NULL),(70,'ádasdasdasdasdasdasdadasdasdasdasdadasdasdasdasdasdasdas','q','<p><img alt=\"\" src=\"data:image/jpeg;base64,/9j/4AAQSkZJRgABAQAAAQABAAD/2wCEAAkGBxASEg8QEBAQEBAPEA0PDw8PDw8NDw8PFREWFhURFRUYHSggGBolGxUVITEhJSkrLi4uFx8zODMsNygtLisBCgoKDg0OGBAQGi0lHR0tLi0tLS0tLS0tLS0tLS0tLS0rLS0tKysrLSstKy0rLTUtLS0tKysuLSstLS0tLS0rLf/AABEIALcBEwMBIgACEQEDEQH/xAAcAAABBQEBAQAAAAAAAAAAAAADAAECBAUGBwj/xAA8EAACAQMCAwYCCAQFBQAAAAABAgADBBESIQUxQQYTIlFhcYGRBzJCUqHB0eEUI7HxYnJzgvAkM5Kisv/EABoBAAMBAQEBAAAAAAAAAAAAAAECBAMABQb/xAAlEQACAgICAgICAwEAAAAAAAAAAQIRAxIhMQRRE0EycSJhkaH/2gAMAwEAAhEDEQA/APJEMkYBWhVaUJkTQajcMvIzUtuLETHMZTN8eVoxnhjLtHX2nFc8zNWlWDThqTzRteIlcZlcM3sgyeP6Ot0xaZQsuIhuc00weUoUrJHCiGmNohtMWmdYKAaItENpjhYbBqCp0CZKpakTRsEHWaNe2BG0yllplEPGUo2cuacbRNC4t8GAKTVSsmljp0VtEfRD6ItMNialcJH0Q+mLTOsOoDRF3csaYtMFh1ABI+mWKdEnlHa3YdINhlBlcCHo1iIjRPlGCQOmPG0a1vxIgc4YcVPnMPELSXMyeOJVDyJ9GpV4gTK7XAgGpSu4iqCHlll9k6zAyq0mYxE2SomlLYHFiSxJQgRDRGk8x4BqR5UpkwYOLM8U95oOrQkrAyYeEVosI8MGlLVJpUmkZGUoF+jXKn0nUcI4hnAJnII2Zata5Q+kqx5KJM2Lb9noK7x8TJ4XxIEAEzXSoplSkiBwYwWSCyYElphsFCoviaNK6GJnYj4iSimaQyOJZuCDKT04WNiFcAnLYBojaJY0xaY1mepX0R9EsLTzyl6z4WzEZG0Dml2NHE5OkZgoHniQ0Tq7jh4VfYTnKy+IxIZNjTNg+OrNHg1mG5zZfhq45TL4VchZeueJ7c5Pk3cuC7C8ax8le+slAmGyAEy7c3pMoMczbGmlyTZpxb/iQqrIo2JMiNpmpPfNok1eAdpMiCdgIOEHaUhsR8SrWuwJUfiMDmh44maLsBKzXIziZla9J5SNJSdzMpZfRRjwW+TWFaPKYbEUw+WRX8EDzvMcSMkDIytjxxI5k0hsDFFHMQhTFJ03lpGzKmIWk00jIymi9QrsvIzSt+MOOcyFMcGaqbRNKCZ11pxsHmZtW12rdZ50rTT4ffMhGTtNo5fZjLCd7iLEq8Nuw4G80NE2UiZwaA4ixDaY/dHGcHHng4+cOwNWBCyQWWqFlUfdUZh5gbfOQ7sg4IwfKLuuh/iklbXBZ4Zb5addaWyqJi8IojnNatcaRIs0nJ0j1PGgoxsr8WIwROYNiWM17quWMsWajG8aEnCImSCyy5MZrArKj27ZnQ3RycCVu5A3mkcr+zKXjrpGZR4eTzgbq00zaWuFmff18xozk2JPFBR/sy9Mi20VWsBM+5vh5zVzSJo4myN5eATPa6LSFbxHMgrATCWRsshhS7I3AMpmW6tXMAtEmZ7Grj6B0+cvrVAEB/DEQb02itjxtE2ud4pTNMxQHWzlYjJaYxEmsrIyatIYj6YQBCYhICOTCCgmYg0GDJQitFmlUhsyipxLNN46ZjOIUNDrWlcLnl12HqZ3HZj6Nbu4KPcf9NROCdW9dl9E+z/u+UZzS7BDHKX4lLslTuK1QUaNNqh2JI+qi+bNyAnrVn2dSmgNd9b43AyqD8zL1laW9lSFKgi01HPqzH7zHmx9ZyHartWtNSA3iwdsyPL5cnxE9Dx/Ah3JWblUWq/YX4yte9p6FNQpK4Xku2AJ4nf9p6zFvGfn0mYLitWYKCxLHCqMszHyAmFZZdv/AKWr4MfS/wAR6/xP6SECkU+e/XaUOzvH6VSnrrV6KsztpVqqKwXO2xPoZ5d/AuWZQruynSwRTV0nyJGwkn4NcDc0KnxC/rKsMfjltdsk8nIssNFGke98P4jTI8Do4/wMrf0litd5nziUemc+Omw5N4k/9hOi4N23u6BAqt/EUtsip9cD/C/65lCyJvkhliklUWey6xCLXx1nP8D45Ruk10m3GNdNtnpnyI/OaRM3STJXNxfJdNyJGrcbSiXA6yne3oA5zqSCptlivdATKu74TNuL0nO8ou5MOwNAl7eE5mY1U5l1bRm5yVSyGImw2jYGi2ZY/hMypnSZo0rvaLI0jX2V1s5aoUgOcYXAMD3u8U0SSNE24IgHsxLFGptA3F8qgxLNKRm1LYZMeV6nElyYoLE4OHDxaoKSBmRRQWNqjAxysYUcGT0wYEWucBomVkYtcdRmcgDiER4PE2Oy/BHu7qhQUZDOGqHotJTlyfht7kQ3XLBrfB7H9GPZWlb0EuayA3NZRUBYZNGmRlVXPI43PvjpOpuOJgasch1iuWCLjkANgJxHaPifd03wdzn+08+WSUmerixRiqM/tZ2pbLIh9zPLuL8TZyckn3MtcXumzgn6+TmYNdh0+c0xwrs7LPil0WOF2Rr1AmQq7F3ILBRnHIbsSSAFG5JAE9SsuxtuiJ/LZ2YZ7kENVcHka7jblvoXw/59nPL9irHQvflQzaitFSNQaruCxHUDJXHv96d8e11DhVCq7p/EXVwW7tCfDr6+LmUXYk9Sce1CRA27INarRTD93RVRsigKFHlt0/Cc1f8AFLQkha6E/wCpSA+ZOJxHFOJXN5UNSvULamJC8kBJ+qiD395p8N7DXtcDuqBy31RVdaLN7Kdx8cR4pvpAlNR/JmncICMghlPInDqfQMMjPoDMS74WOdMBW+4fqN6ekDecMurGoUqpUt3BK74elU8xkeFh6TT4ffBvEVHhZTUp5Olhnb10E8x029J1goo2Ny1FhWoMadSmcOh3Kn7rD7SH/m89F4d2kSvSFQeE8nTO6P1E4HjVuWDV1ADDUXAGAyE5Ix6TP4JemnVAz4KmFPv9k/l8ZpinTMs+K1f2eiXXFz0mdVu2bmZVLRi0pZAmWqaEy7StxtKdGuAJGrfzN2zeLilyazOqiZl1eeUp1LsmVzUnJHPJfQWpUJkkb1g1YSDuJwF7LSPL1ECYwqQouzFkNGSNe4r4G0wLyqzEyw9ctBqJi2a/kZ/dGKXWcRQWHU5LTFpk8R1E5I2bIYli1oM5woiVJrcDqorENtnkZz4AuSvX4Y64yNj1lYWJM6niVzTKaRudjM61rqD0hVtBdJ0Y72DDmDvJ07RhzE6CtcJjfEA1dMbzk36A0vZlUrMk8p7L9FPZ8UKL3LD+ZcYC56UVPT3O/wABOA7L2BubilRQZ1t4j92mN2b5T3bSqIFUaVUBFA5BQMYmHkTrg38eC7M3jFbbnvPKe2F1khfUz0fjbkA+xnkPaCvmq3pJMatl74ic7xmp4lHkJlkENjmQfxmn3RqVc9Bv8pRG1YZ6VRn/AMpYlxZBOScqPS+EUggpIMfy0RVzyLkDc/E/hOC7R8RNxcVHySobu6QPSmpwPidyfUmehinzxz6e/wBn8cTy21A1U88tag+fSdF2LJUd/wBhr63tzpr013xm4CBqiH+uj0HL1nrVvTFLNRWQgr9fPh0nrPGLHherOKmB5EZIP6TorCxqKAhq6lA2Gnl7b8p6KTSr6PGcouW3b9nUdprq1q0Xt6wSqrBvCuXKufthvsn1nirU2t6zI2T3bFTn7VM+fupE9GrWWM+I/KcF2jTNw+/1RTVmOBk6ST/UTHNHiyvxpO2matXGoU1G2kY1HUzA7ZJ5HcHoJyNZNDMvVGYD4HadVcsVNLP1lpIG/wAw5/nOX4k+atU+bZ/ASRPkufR1tKpqVW+8oPzEcmS4bQ/lUf8ATT/5EsNby9WeU48lPvJDMtNbyPcxqFK+8iVMuKkZ0EWmNwUzmQbbnLipB1kgdhpFXXJ02i7mMKcRxkwpotUzFUWNTWEImDxSs3jNFErFLJSND8cg7I5XMcGRizOs1oIGkg0GDJCMmI0HFY+cWqCBkxHTEaCAwimBE6j6Puz/APG3aU3/AOzSHe1vVQdk+J29swuSirYqg5OkejfRN2dNGibuouKlyB3YPNaHMH/cd/bE7msm0KMDYAAAAADkB0Ep39bSPnPMnPZuTPWxw1SijmO0r4B38549xk/zHPqZ6Z2jujv7GeY8RfLt1nYjbI+CHDUGnPmZicYpaareTYYfH98zbs28I9Mj8ZW43a60DgbpnPqvWeo8d4VX7PBWWvJd/fB0XDuJ66dNi2NSjURuQw57e4nK8atAtWqFzodjUpE7bE8vQ/rB8JvdPgY+FjkH7rfvNurb95Ty+6g4LruaZ6E+/wAee/MSNcHpS5JdneJ6sKTioOhOM+o8/adNRvWU5Zd8fZNQf1E4Gvw5gRoAddt1ySd+eBv8pYpcUrIoooxQ7aiXepUJz0DfV9gAfWVfO0qZA/ETdxZ1/EeKacmoUpr0LP4yPMIASfht6iYdDh/fVqa4fAJuLguFVwnhOHUHwlxoUL0yp84Hh1i6kVqumicg/wARe6hpIP1qdE+Kq2OWxGfIjIucR4oozSs+8Skw/m1auGubyrjBqVCc6AMnSgO2piSSxmOTK5FGPEodFDid0GqVHyMAn225/jkzm1UuwA51GAHux/eXb6oBlFxk7uR/SX+ythqqGsw8NPIX1c/oP6iLCOzoaUtYtnWU1AAUcgAPkI7CPtIlhPQPNIMIF4ZjAPCmLJAiZGO0jmMIRaQJkmMHmAIsxAyDGMDAFBw0ctBAxi0RmqJ6ooHVFAGzmI8WI4EkLLEJIRgJKMhWPJKZECS0xkIyQM9d+hS3xSuquN3qpTB9ETOPm88iWe7fRdbaLC286prVD8ahAPyAmHlSrHXtlHiK8l+kdeau5EyuKXO0tXDjLTCust59Z5uzZ6yiuzmO0b7HHrPOa7bmd/2gqAK08+uTuTKcSMMrC2R2PuZbzKFi43HXOcekvrPZwu4I+c8qNZZGFxPhpTLoMpzI+7+0az4o6qaZLNTJBKhiDkcjjk2Mn5zpkYTIv+EU2JZDoPljwn4dJjkwc3Epw+Ukqn/pWFUHxU6nqVOx98GHo1q2MCtWA8hWcD8DMq4sXTdgCPMEH95XY+WfmZM01wy2LUlaN1u7XxMw1HmSdTH85TueIZ2pggffPP4CZ6L5D8Idbdjz2i2hqbLPCuHPWbC7ID46h5D9Wna0KC01VEGFUYA/P3nI8Ou3onAJ09V6fKdGl+GAOcZ6SrA4/XZJ5UZLl9FwtBtVgVuR5yLVV8xKCOwjXEr1Khkhp841QiFCyIa4tUGWi1CMImOzSBaQqmC3ihsIxkNcRMhAEMHj5glkiDFZpFslkRQRzFAMYmiLRLAWPokOxbRW0yQSWEpwwow7AZT0xaTLwoyXdRthGUBTM+iOy1HurW1p/ct6I+JXJ/Ezwu2oBmVfvMqj3JxPf7ZNIAHIAL6bDG3yknly/FFvhR/Jll08O++d95hcUqhVPpNq4bC/vOW4vkg7yT7PQicN2kuycgcpyhadLxlcZzOZJlmLomy9gXBByNiN5ftbkNtybqP0lYwRQDcZBHLBlWLI4EWfAsq/s2UBgr2uF8K7v+C+8rU7qs3UAeYG/wA5NKIHPnN5+Rx/Elw+Dzcw3AeztS8q6Ad8FmdtwoEH2g7PNaVO7fSeZDLuCJ2nZK6ShQep9uoSM8vCOU5DtHxE1q2s7gZHznnObcz2NIxgY2AJNFZsBRzlixsWqNsDp5lugnQW1oqbAfHqZtjxOfP0SZc6hx9mEnC364H4y3TsmAAG83jSXEHsJVjxxg7RFmyzyKn0YptmiNAy/XuBBNWBm9kuqKIyJYWQYHMmzbRrEoGzSOuSVcxnWdYFEgXi1SBEiwgsagmqIEQBkcxWx0i8pjs8q0Wlg4MVmkQZqxRigigGK1OlDCjGWTOZ59lZNLeS7sRKxkMmHY7UKKYkXpxhUklfM6wUanZOz7y7t1I27xWPsviP9J7WuwA9czzD6OrUm5142Sm5HuSF/Mz1Bh0xyxIvIdzPR8aNQ/ZUv6mB6Tl7+558+u02+MVMDbr0/tOM4heYJ6fOZoqS4MHi9yNTZHKc7c1QTtNLjdQE5ExCZZj6JMr5HzCUx58oAGGRpsjEtB8S3TsKjLr2VfNjiZTPC1b12AUnwgYA6QNv6HVFqrflU7pTnBO/6RcP4Yahy2QnU9T7RcMsgx1N9UdPM+U6Gm4HkIYQXbMM2Z9INQoqqhQMADAgqoAk+9EC5zKFJIiabIGoYIrmE7n1j90fOHYXUrPaAwYtJbamZBgRDuDReiIs9oGpbCHNWDKEzlM5wQEpiBZMyy1EyDUTG3F1Ad2JApDGmY4pwbh0RVen6QJSX2SOlGHc7QoCnERL9SjAGiZ2x2oDEUmaLR4NxtS4LPHOKpRm/Utc8pQr2Tb4nmtMtcTKVZCqvkIWtQcQYDZ3E5J2I2yC0DJrSh2rBRk/39Jr9nuFGuzh3WkaShn2aoSzNinSVRuzHBzjyM1QyVnVfR7baKbuRguwUHzAHT4mdiH6nboZmdnHpvQolF0jQFKg/aGxOffMu1QQcYJBBPqMZnmylcmz1oxSikZPFqv1th5E7f8AP7ThuJatRHnv+07i8HkTjcTCvLPJ5dPKNFjtcHFXtuSDkec556ZycA4not5bJy6zJuLRE3O5x8JRCdGE8dnHhD5SQOJpX9wBkAYmSzZm6dk8lRbqXSkYCKPXG8nYWjVG25dT5CVaFPJE66yttCBevM+8aKsyyT1QJaGMADYSfdGW1UR3xHpElsq0qGYU0MSaPJmpAwoDjHSMDmSqPBoTDYKCMkA1PMKxMkFM5OjmrAC2hBTxI1KhEelVzzhTBQOoYoZ6YMYqBO2OUSuUEiQIQxaZ2x2oHRH0w4AjaYNg6g9Mh3YhGBkSZ2wdRtIijaTFOsNHQUpaWmDzEUUUpIVbND0mNxULTyAAWA1Enkq+fryMaKGhWC7O8Ie5qAgfVOM5AIPkM9fXp0mt2u4IlBqNKm7L3wSk2glGR2OCuftIRn8R1iim04L4rMsc38yj9dHoHCrAUKNJVJYImGJ3LNndoW+uBjPPYY28+UUU8RnsrkxriuNwRzzkexmReXQwMbg7bj5xRQxHfRiPU1nP7YmPxe9C58/PeKKbwXJjN0jmq9bUcyCLmPFKiQ1uG0tOGPw95tUq8UUaJJl5YYtmMyExRQsRAdJhBFFOOJAQ1JRFFAxkTYCODFFORzAVQDK+jEUUKAw2doF8xRRWMAI3jtnziigOBbxd8RFFOOCd7mJWiinHBgRGiigCf//Z\" style=\"height:183px; width:275px\" /><img alt=\"\" src=\"data:image/jpeg;base64,/9j/4AAQSkZJRgABAQAAAQABAAD/2wCEAAkGBxASEg8QEBAQEBAPEA0PDw8PDw8NDw8PFREWFhURFRUYHSggGBolGxUVITEhJSkrLi4uFx8zODMsNygtLisBCgoKDg0OGBAQGi0lHR0tLi0tLS0tLS0tLS0tLS0tLS0rLS0tKysrLSstKy0rLTUtLS0tKysuLSstLS0tLS0rLf/AABEIALcBEwMBIgACEQEDEQH/xAAcAAABBQEBAQAAAAAAAAAAAAADAAECBAUGBwj/xAA8EAACAQMCAwYCCAQFBQAAAAABAgADBBESIQUxQQYTIlFhcYGRBzJCUqHB0eEUI7HxYnJzgvAkM5Kisv/EABoBAAMBAQEBAAAAAAAAAAAAAAECBAMABQb/xAAlEQACAgICAgICAwEAAAAAAAAAAQIRAxIhMQRRE0EycSJhkaH/2gAMAwEAAhEDEQA/APJEMkYBWhVaUJkTQajcMvIzUtuLETHMZTN8eVoxnhjLtHX2nFc8zNWlWDThqTzRteIlcZlcM3sgyeP6Ot0xaZQsuIhuc00weUoUrJHCiGmNohtMWmdYKAaItENpjhYbBqCp0CZKpakTRsEHWaNe2BG0yllplEPGUo2cuacbRNC4t8GAKTVSsmljp0VtEfRD6ItMNialcJH0Q+mLTOsOoDRF3csaYtMFh1ABI+mWKdEnlHa3YdINhlBlcCHo1iIjRPlGCQOmPG0a1vxIgc4YcVPnMPELSXMyeOJVDyJ9GpV4gTK7XAgGpSu4iqCHlll9k6zAyq0mYxE2SomlLYHFiSxJQgRDRGk8x4BqR5UpkwYOLM8U95oOrQkrAyYeEVosI8MGlLVJpUmkZGUoF+jXKn0nUcI4hnAJnII2Zata5Q+kqx5KJM2Lb9noK7x8TJ4XxIEAEzXSoplSkiBwYwWSCyYElphsFCoviaNK6GJnYj4iSimaQyOJZuCDKT04WNiFcAnLYBojaJY0xaY1mepX0R9EsLTzyl6z4WzEZG0Dml2NHE5OkZgoHniQ0Tq7jh4VfYTnKy+IxIZNjTNg+OrNHg1mG5zZfhq45TL4VchZeueJ7c5Pk3cuC7C8ax8le+slAmGyAEy7c3pMoMczbGmlyTZpxb/iQqrIo2JMiNpmpPfNok1eAdpMiCdgIOEHaUhsR8SrWuwJUfiMDmh44maLsBKzXIziZla9J5SNJSdzMpZfRRjwW+TWFaPKYbEUw+WRX8EDzvMcSMkDIytjxxI5k0hsDFFHMQhTFJ03lpGzKmIWk00jIymi9QrsvIzSt+MOOcyFMcGaqbRNKCZ11pxsHmZtW12rdZ50rTT4ffMhGTtNo5fZjLCd7iLEq8Nuw4G80NE2UiZwaA4ixDaY/dHGcHHng4+cOwNWBCyQWWqFlUfdUZh5gbfOQ7sg4IwfKLuuh/iklbXBZ4Zb5addaWyqJi8IojnNatcaRIs0nJ0j1PGgoxsr8WIwROYNiWM17quWMsWajG8aEnCImSCyy5MZrArKj27ZnQ3RycCVu5A3mkcr+zKXjrpGZR4eTzgbq00zaWuFmff18xozk2JPFBR/sy9Mi20VWsBM+5vh5zVzSJo4myN5eATPa6LSFbxHMgrATCWRsshhS7I3AMpmW6tXMAtEmZ7Grj6B0+cvrVAEB/DEQb02itjxtE2ud4pTNMxQHWzlYjJaYxEmsrIyatIYj6YQBCYhICOTCCgmYg0GDJQitFmlUhsyipxLNN46ZjOIUNDrWlcLnl12HqZ3HZj6Nbu4KPcf9NROCdW9dl9E+z/u+UZzS7BDHKX4lLslTuK1QUaNNqh2JI+qi+bNyAnrVn2dSmgNd9b43AyqD8zL1laW9lSFKgi01HPqzH7zHmx9ZyHartWtNSA3iwdsyPL5cnxE9Dx/Ah3JWblUWq/YX4yte9p6FNQpK4Xku2AJ4nf9p6zFvGfn0mYLitWYKCxLHCqMszHyAmFZZdv/AKWr4MfS/wAR6/xP6SECkU+e/XaUOzvH6VSnrrV6KsztpVqqKwXO2xPoZ5d/AuWZQruynSwRTV0nyJGwkn4NcDc0KnxC/rKsMfjltdsk8nIssNFGke98P4jTI8Do4/wMrf0litd5nziUemc+Omw5N4k/9hOi4N23u6BAqt/EUtsip9cD/C/65lCyJvkhliklUWey6xCLXx1nP8D45Ruk10m3GNdNtnpnyI/OaRM3STJXNxfJdNyJGrcbSiXA6yne3oA5zqSCptlivdATKu74TNuL0nO8ou5MOwNAl7eE5mY1U5l1bRm5yVSyGImw2jYGi2ZY/hMypnSZo0rvaLI0jX2V1s5aoUgOcYXAMD3u8U0SSNE24IgHsxLFGptA3F8qgxLNKRm1LYZMeV6nElyYoLE4OHDxaoKSBmRRQWNqjAxysYUcGT0wYEWucBomVkYtcdRmcgDiER4PE2Oy/BHu7qhQUZDOGqHotJTlyfht7kQ3XLBrfB7H9GPZWlb0EuayA3NZRUBYZNGmRlVXPI43PvjpOpuOJgasch1iuWCLjkANgJxHaPifd03wdzn+08+WSUmerixRiqM/tZ2pbLIh9zPLuL8TZyckn3MtcXumzgn6+TmYNdh0+c0xwrs7LPil0WOF2Rr1AmQq7F3ILBRnHIbsSSAFG5JAE9SsuxtuiJ/LZ2YZ7kENVcHka7jblvoXw/59nPL9irHQvflQzaitFSNQaruCxHUDJXHv96d8e11DhVCq7p/EXVwW7tCfDr6+LmUXYk9Sce1CRA27INarRTD93RVRsigKFHlt0/Cc1f8AFLQkha6E/wCpSA+ZOJxHFOJXN5UNSvULamJC8kBJ+qiD395p8N7DXtcDuqBy31RVdaLN7Kdx8cR4pvpAlNR/JmncICMghlPInDqfQMMjPoDMS74WOdMBW+4fqN6ekDecMurGoUqpUt3BK74elU8xkeFh6TT4ffBvEVHhZTUp5Olhnb10E8x029J1goo2Ny1FhWoMadSmcOh3Kn7rD7SH/m89F4d2kSvSFQeE8nTO6P1E4HjVuWDV1ADDUXAGAyE5Ix6TP4JemnVAz4KmFPv9k/l8ZpinTMs+K1f2eiXXFz0mdVu2bmZVLRi0pZAmWqaEy7StxtKdGuAJGrfzN2zeLilyazOqiZl1eeUp1LsmVzUnJHPJfQWpUJkkb1g1YSDuJwF7LSPL1ECYwqQouzFkNGSNe4r4G0wLyqzEyw9ctBqJi2a/kZ/dGKXWcRQWHU5LTFpk8R1E5I2bIYli1oM5woiVJrcDqorENtnkZz4AuSvX4Y64yNj1lYWJM6niVzTKaRudjM61rqD0hVtBdJ0Y72DDmDvJ07RhzE6CtcJjfEA1dMbzk36A0vZlUrMk8p7L9FPZ8UKL3LD+ZcYC56UVPT3O/wABOA7L2BubilRQZ1t4j92mN2b5T3bSqIFUaVUBFA5BQMYmHkTrg38eC7M3jFbbnvPKe2F1khfUz0fjbkA+xnkPaCvmq3pJMatl74ic7xmp4lHkJlkENjmQfxmn3RqVc9Bv8pRG1YZ6VRn/AMpYlxZBOScqPS+EUggpIMfy0RVzyLkDc/E/hOC7R8RNxcVHySobu6QPSmpwPidyfUmehinzxz6e/wBn8cTy21A1U88tag+fSdF2LJUd/wBhr63tzpr013xm4CBqiH+uj0HL1nrVvTFLNRWQgr9fPh0nrPGLHherOKmB5EZIP6TorCxqKAhq6lA2Gnl7b8p6KTSr6PGcouW3b9nUdprq1q0Xt6wSqrBvCuXKufthvsn1nirU2t6zI2T3bFTn7VM+fupE9GrWWM+I/KcF2jTNw+/1RTVmOBk6ST/UTHNHiyvxpO2matXGoU1G2kY1HUzA7ZJ5HcHoJyNZNDMvVGYD4HadVcsVNLP1lpIG/wAw5/nOX4k+atU+bZ/ASRPkufR1tKpqVW+8oPzEcmS4bQ/lUf8ATT/5EsNby9WeU48lPvJDMtNbyPcxqFK+8iVMuKkZ0EWmNwUzmQbbnLipB1kgdhpFXXJ02i7mMKcRxkwpotUzFUWNTWEImDxSs3jNFErFLJSND8cg7I5XMcGRizOs1oIGkg0GDJCMmI0HFY+cWqCBkxHTEaCAwimBE6j6Puz/APG3aU3/AOzSHe1vVQdk+J29swuSirYqg5OkejfRN2dNGibuouKlyB3YPNaHMH/cd/bE7msm0KMDYAAAAADkB0Ep39bSPnPMnPZuTPWxw1SijmO0r4B38549xk/zHPqZ6Z2jujv7GeY8RfLt1nYjbI+CHDUGnPmZicYpaareTYYfH98zbs28I9Mj8ZW43a60DgbpnPqvWeo8d4VX7PBWWvJd/fB0XDuJ66dNi2NSjURuQw57e4nK8atAtWqFzodjUpE7bE8vQ/rB8JvdPgY+FjkH7rfvNurb95Ty+6g4LruaZ6E+/wAee/MSNcHpS5JdneJ6sKTioOhOM+o8/adNRvWU5Zd8fZNQf1E4Gvw5gRoAddt1ySd+eBv8pYpcUrIoooxQ7aiXepUJz0DfV9gAfWVfO0qZA/ETdxZ1/EeKacmoUpr0LP4yPMIASfht6iYdDh/fVqa4fAJuLguFVwnhOHUHwlxoUL0yp84Hh1i6kVqumicg/wARe6hpIP1qdE+Kq2OWxGfIjIucR4oozSs+8Skw/m1auGubyrjBqVCc6AMnSgO2piSSxmOTK5FGPEodFDid0GqVHyMAn225/jkzm1UuwA51GAHux/eXb6oBlFxk7uR/SX+ythqqGsw8NPIX1c/oP6iLCOzoaUtYtnWU1AAUcgAPkI7CPtIlhPQPNIMIF4ZjAPCmLJAiZGO0jmMIRaQJkmMHmAIsxAyDGMDAFBw0ctBAxi0RmqJ6ooHVFAGzmI8WI4EkLLEJIRgJKMhWPJKZECS0xkIyQM9d+hS3xSuquN3qpTB9ETOPm88iWe7fRdbaLC286prVD8ahAPyAmHlSrHXtlHiK8l+kdeau5EyuKXO0tXDjLTCust59Z5uzZ6yiuzmO0b7HHrPOa7bmd/2gqAK08+uTuTKcSMMrC2R2PuZbzKFi43HXOcekvrPZwu4I+c8qNZZGFxPhpTLoMpzI+7+0az4o6qaZLNTJBKhiDkcjjk2Mn5zpkYTIv+EU2JZDoPljwn4dJjkwc3Epw+Ukqn/pWFUHxU6nqVOx98GHo1q2MCtWA8hWcD8DMq4sXTdgCPMEH95XY+WfmZM01wy2LUlaN1u7XxMw1HmSdTH85TueIZ2pggffPP4CZ6L5D8Idbdjz2i2hqbLPCuHPWbC7ID46h5D9Wna0KC01VEGFUYA/P3nI8Ou3onAJ09V6fKdGl+GAOcZ6SrA4/XZJ5UZLl9FwtBtVgVuR5yLVV8xKCOwjXEr1Khkhp841QiFCyIa4tUGWi1CMImOzSBaQqmC3ihsIxkNcRMhAEMHj5glkiDFZpFslkRQRzFAMYmiLRLAWPokOxbRW0yQSWEpwwow7AZT0xaTLwoyXdRthGUBTM+iOy1HurW1p/ct6I+JXJ/Ezwu2oBmVfvMqj3JxPf7ZNIAHIAL6bDG3yknly/FFvhR/Jll08O++d95hcUqhVPpNq4bC/vOW4vkg7yT7PQicN2kuycgcpyhadLxlcZzOZJlmLomy9gXBByNiN5ftbkNtybqP0lYwRQDcZBHLBlWLI4EWfAsq/s2UBgr2uF8K7v+C+8rU7qs3UAeYG/wA5NKIHPnN5+Rx/Elw+Dzcw3AeztS8q6Ad8FmdtwoEH2g7PNaVO7fSeZDLuCJ2nZK6ShQep9uoSM8vCOU5DtHxE1q2s7gZHznnObcz2NIxgY2AJNFZsBRzlixsWqNsDp5lugnQW1oqbAfHqZtjxOfP0SZc6hx9mEnC364H4y3TsmAAG83jSXEHsJVjxxg7RFmyzyKn0YptmiNAy/XuBBNWBm9kuqKIyJYWQYHMmzbRrEoGzSOuSVcxnWdYFEgXi1SBEiwgsagmqIEQBkcxWx0i8pjs8q0Wlg4MVmkQZqxRigigGK1OlDCjGWTOZ59lZNLeS7sRKxkMmHY7UKKYkXpxhUklfM6wUanZOz7y7t1I27xWPsviP9J7WuwA9czzD6OrUm5142Sm5HuSF/Mz1Bh0xyxIvIdzPR8aNQ/ZUv6mB6Tl7+558+u02+MVMDbr0/tOM4heYJ6fOZoqS4MHi9yNTZHKc7c1QTtNLjdQE5ExCZZj6JMr5HzCUx58oAGGRpsjEtB8S3TsKjLr2VfNjiZTPC1b12AUnwgYA6QNv6HVFqrflU7pTnBO/6RcP4Yahy2QnU9T7RcMsgx1N9UdPM+U6Gm4HkIYQXbMM2Z9INQoqqhQMADAgqoAk+9EC5zKFJIiabIGoYIrmE7n1j90fOHYXUrPaAwYtJbamZBgRDuDReiIs9oGpbCHNWDKEzlM5wQEpiBZMyy1EyDUTG3F1Ad2JApDGmY4pwbh0RVen6QJSX2SOlGHc7QoCnERL9SjAGiZ2x2oDEUmaLR4NxtS4LPHOKpRm/Utc8pQr2Tb4nmtMtcTKVZCqvkIWtQcQYDZ3E5J2I2yC0DJrSh2rBRk/39Jr9nuFGuzh3WkaShn2aoSzNinSVRuzHBzjyM1QyVnVfR7baKbuRguwUHzAHT4mdiH6nboZmdnHpvQolF0jQFKg/aGxOffMu1QQcYJBBPqMZnmylcmz1oxSikZPFqv1th5E7f8AP7ThuJatRHnv+07i8HkTjcTCvLPJ5dPKNFjtcHFXtuSDkec556ZycA4not5bJy6zJuLRE3O5x8JRCdGE8dnHhD5SQOJpX9wBkAYmSzZm6dk8lRbqXSkYCKPXG8nYWjVG25dT5CVaFPJE66yttCBevM+8aKsyyT1QJaGMADYSfdGW1UR3xHpElsq0qGYU0MSaPJmpAwoDjHSMDmSqPBoTDYKCMkA1PMKxMkFM5OjmrAC2hBTxI1KhEelVzzhTBQOoYoZ6YMYqBO2OUSuUEiQIQxaZ2x2oHRH0w4AjaYNg6g9Mh3YhGBkSZ2wdRtIijaTFOsNHQUpaWmDzEUUUpIVbND0mNxULTyAAWA1Enkq+fryMaKGhWC7O8Ie5qAgfVOM5AIPkM9fXp0mt2u4IlBqNKm7L3wSk2glGR2OCuftIRn8R1iim04L4rMsc38yj9dHoHCrAUKNJVJYImGJ3LNndoW+uBjPPYY28+UUU8RnsrkxriuNwRzzkexmReXQwMbg7bj5xRQxHfRiPU1nP7YmPxe9C58/PeKKbwXJjN0jmq9bUcyCLmPFKiQ1uG0tOGPw95tUq8UUaJJl5YYtmMyExRQsRAdJhBFFOOJAQ1JRFFAxkTYCODFFORzAVQDK+jEUUKAw2doF8xRRWMAI3jtnziigOBbxd8RFFOOCd7mJWiinHBgRGiigCf//Z\" style=\"height:183px; width:275px\" /></p>\r\n','2019-06-21',2,1,1,2,'Chính Trị','data:image/jpeg;base64,/9j/4AAQSkZJRgABAQAAAQABAAD/2wCEAAkGBxASEg8QEBAQEBAPEA0PDw8PDw8NDw8PFREWFhURFRUYHSggGBolGxUVITEhJSkrLi4uFx8zODMsNygtLisBCgoKDg0OGBAQGi0lHR0tLi0tLS0tLS0tLS0tLS0tLS0rLS0tKysrLSstKy0rLTUtLS0tKysuLSstLS0tLS0rLf/AABEIALcBEwMBIgACEQEDEQH/xAAcAAABBQEBAQAAAAAAAAAAAAADAAECBAUGBwj/xAA8EAACAQMCAwYCCAQFBQAAAAABAgADBBESIQUxQQYTIlFhcYGRBzJCUqHB0eEUI7HxYnJzgvAkM5Kisv/EABoBAAMBAQEBAAAAAAAAAAAAAAECBAMABQb/xAAlEQACAgICAgICAwEAAAAAAAAAAQIRAxIhMQRRE0EycSJhkaH/2gAMAwEAAhEDEQA/APJEMkYBWhVaUJkTQajcMvIzUtuLETHMZTN8eVoxnhjLtHX2nFc8zNWlWDThqTzRteIlcZlcM3sgyeP6Ot0xaZQsuIhuc00weUoUrJHCiGmNohtMWmdYKAaItENpjhYbBqCp0CZKpakTRsEHWaNe2BG0yllplEPGUo2cuacbRNC4t8GAKTVSsmljp0VtEfRD6ItMNialcJH0Q+mLTOsOoDRF3csaYtMFh1ABI+mWKdEnlHa3YdINhlBlcCHo1iIjRPlGCQOmPG0a1vxIgc4YcVPnMPELSXMyeOJVDyJ9GpV4gTK7XAgGpSu4iqCHlll9k6zAyq0mYxE2SomlLYHFiSxJQgRDRGk8x4BqR5UpkwYOLM8U95oOrQkrAyYeEVosI8MGlLVJpUmkZGUoF+jXKn0nUcI4hnAJnII2Zata5Q+kqx5KJM2Lb9noK7x8TJ4XxIEAEzXSoplSkiBwYwWSCyYElphsFCoviaNK6GJnYj4iSimaQyOJZuCDKT04WNiFcAnLYBojaJY0xaY1mepX0R9EsLTzyl6z4WzEZG0Dml2NHE5OkZgoHniQ0Tq7jh4VfYTnKy+IxIZNjTNg+OrNHg1mG5zZfhq45TL4VchZeueJ7c5Pk3cuC7C8ax8le+slAmGyAEy7c3pMoMczbGmlyTZpxb/iQqrIo2JMiNpmpPfNok1eAdpMiCdgIOEHaUhsR8SrWuwJUfiMDmh44maLsBKzXIziZla9J5SNJSdzMpZfRRjwW+TWFaPKYbEUw+WRX8EDzvMcSMkDIytjxxI5k0hsDFFHMQhTFJ03lpGzKmIWk00jIymi9QrsvIzSt+MOOcyFMcGaqbRNKCZ11pxsHmZtW12rdZ50rTT4ffMhGTtNo5fZjLCd7iLEq8Nuw4G80NE2UiZwaA4ixDaY/dHGcHHng4+cOwNWBCyQWWqFlUfdUZh5gbfOQ7sg4IwfKLuuh/iklbXBZ4Zb5addaWyqJi8IojnNatcaRIs0nJ0j1PGgoxsr8WIwROYNiWM17quWMsWajG8aEnCImSCyy5MZrArKj27ZnQ3RycCVu5A3mkcr+zKXjrpGZR4eTzgbq00zaWuFmff18xozk2JPFBR/sy9Mi20VWsBM+5vh5zVzSJo4myN5eATPa6LSFbxHMgrATCWRsshhS7I3AMpmW6tXMAtEmZ7Grj6B0+cvrVAEB/DEQb02itjxtE2ud4pTNMxQHWzlYjJaYxEmsrIyatIYj6YQBCYhICOTCCgmYg0GDJQitFmlUhsyipxLNN46ZjOIUNDrWlcLnl12HqZ3HZj6Nbu4KPcf9NROCdW9dl9E+z/u+UZzS7BDHKX4lLslTuK1QUaNNqh2JI+qi+bNyAnrVn2dSmgNd9b43AyqD8zL1laW9lSFKgi01HPqzH7zHmx9ZyHartWtNSA3iwdsyPL5cnxE9Dx/Ah3JWblUWq/YX4yte9p6FNQpK4Xku2AJ4nf9p6zFvGfn0mYLitWYKCxLHCqMszHyAmFZZdv/AKWr4MfS/wAR6/xP6SECkU+e/XaUOzvH6VSnrrV6KsztpVqqKwXO2xPoZ5d/AuWZQruynSwRTV0nyJGwkn4NcDc0KnxC/rKsMfjltdsk8nIssNFGke98P4jTI8Do4/wMrf0litd5nziUemc+Omw5N4k/9hOi4N23u6BAqt/EUtsip9cD/C/65lCyJvkhliklUWey6xCLXx1nP8D45Ruk10m3GNdNtnpnyI/OaRM3STJXNxfJdNyJGrcbSiXA6yne3oA5zqSCptlivdATKu74TNuL0nO8ou5MOwNAl7eE5mY1U5l1bRm5yVSyGImw2jYGi2ZY/hMypnSZo0rvaLI0jX2V1s5aoUgOcYXAMD3u8U0SSNE24IgHsxLFGptA3F8qgxLNKRm1LYZMeV6nElyYoLE4OHDxaoKSBmRRQWNqjAxysYUcGT0wYEWucBomVkYtcdRmcgDiER4PE2Oy/BHu7qhQUZDOGqHotJTlyfht7kQ3XLBrfB7H9GPZWlb0EuayA3NZRUBYZNGmRlVXPI43PvjpOpuOJgasch1iuWCLjkANgJxHaPifd03wdzn+08+WSUmerixRiqM/tZ2pbLIh9zPLuL8TZyckn3MtcXumzgn6+TmYNdh0+c0xwrs7LPil0WOF2Rr1AmQq7F3ILBRnHIbsSSAFG5JAE9SsuxtuiJ/LZ2YZ7kENVcHka7jblvoXw/59nPL9irHQvflQzaitFSNQaruCxHUDJXHv96d8e11DhVCq7p/EXVwW7tCfDr6+LmUXYk9Sce1CRA27INarRTD93RVRsigKFHlt0/Cc1f8AFLQkha6E/wCpSA+ZOJxHFOJXN5UNSvULamJC8kBJ+qiD395p8N7DXtcDuqBy31RVdaLN7Kdx8cR4pvpAlNR/JmncICMghlPInDqfQMMjPoDMS74WOdMBW+4fqN6ekDecMurGoUqpUt3BK74elU8xkeFh6TT4ffBvEVHhZTUp5Olhnb10E8x029J1goo2Ny1FhWoMadSmcOh3Kn7rD7SH/m89F4d2kSvSFQeE8nTO6P1E4HjVuWDV1ADDUXAGAyE5Ix6TP4JemnVAz4KmFPv9k/l8ZpinTMs+K1f2eiXXFz0mdVu2bmZVLRi0pZAmWqaEy7StxtKdGuAJGrfzN2zeLilyazOqiZl1eeUp1LsmVzUnJHPJfQWpUJkkb1g1YSDuJwF7LSPL1ECYwqQouzFkNGSNe4r4G0wLyqzEyw9ctBqJi2a/kZ/dGKXWcRQWHU5LTFpk8R1E5I2bIYli1oM5woiVJrcDqorENtnkZz4AuSvX4Y64yNj1lYWJM6niVzTKaRudjM61rqD0hVtBdJ0Y72DDmDvJ07RhzE6CtcJjfEA1dMbzk36A0vZlUrMk8p7L9FPZ8UKL3LD+ZcYC56UVPT3O/wABOA7L2BubilRQZ1t4j92mN2b5T3bSqIFUaVUBFA5BQMYmHkTrg38eC7M3jFbbnvPKe2F1khfUz0fjbkA+xnkPaCvmq3pJMatl74ic7xmp4lHkJlkENjmQfxmn3RqVc9Bv8pRG1YZ6VRn/AMpYlxZBOScqPS+EUggpIMfy0RVzyLkDc/E/hOC7R8RNxcVHySobu6QPSmpwPidyfUmehinzxz6e/wBn8cTy21A1U88tag+fSdF2LJUd/wBhr63tzpr013xm4CBqiH+uj0HL1nrVvTFLNRWQgr9fPh0nrPGLHherOKmB5EZIP6TorCxqKAhq6lA2Gnl7b8p6KTSr6PGcouW3b9nUdprq1q0Xt6wSqrBvCuXKufthvsn1nirU2t6zI2T3bFTn7VM+fupE9GrWWM+I/KcF2jTNw+/1RTVmOBk6ST/UTHNHiyvxpO2matXGoU1G2kY1HUzA7ZJ5HcHoJyNZNDMvVGYD4HadVcsVNLP1lpIG/wAw5/nOX4k+atU+bZ/ASRPkufR1tKpqVW+8oPzEcmS4bQ/lUf8ATT/5EsNby9WeU48lPvJDMtNbyPcxqFK+8iVMuKkZ0EWmNwUzmQbbnLipB1kgdhpFXXJ02i7mMKcRxkwpotUzFUWNTWEImDxSs3jNFErFLJSND8cg7I5XMcGRizOs1oIGkg0GDJCMmI0HFY+cWqCBkxHTEaCAwimBE6j6Puz/APG3aU3/AOzSHe1vVQdk+J29swuSirYqg5OkejfRN2dNGibuouKlyB3YPNaHMH/cd/bE7msm0KMDYAAAAADkB0Ep39bSPnPMnPZuTPWxw1SijmO0r4B38549xk/zHPqZ6Z2jujv7GeY8RfLt1nYjbI+CHDUGnPmZicYpaareTYYfH98zbs28I9Mj8ZW43a60DgbpnPqvWeo8d4VX7PBWWvJd/fB0XDuJ66dNi2NSjURuQw57e4nK8atAtWqFzodjUpE7bE8vQ/rB8JvdPgY+FjkH7rfvNurb95Ty+6g4LruaZ6E+/wAee/MSNcHpS5JdneJ6sKTioOhOM+o8/adNRvWU5Zd8fZNQf1E4Gvw5gRoAddt1ySd+eBv8pYpcUrIoooxQ7aiXepUJz0DfV9gAfWVfO0qZA/ETdxZ1/EeKacmoUpr0LP4yPMIASfht6iYdDh/fVqa4fAJuLguFVwnhOHUHwlxoUL0yp84Hh1i6kVqumicg/wARe6hpIP1qdE+Kq2OWxGfIjIucR4oozSs+8Skw/m1auGubyrjBqVCc6AMnSgO2piSSxmOTK5FGPEodFDid0GqVHyMAn225/jkzm1UuwA51GAHux/eXb6oBlFxk7uR/SX+ythqqGsw8NPIX1c/oP6iLCOzoaUtYtnWU1AAUcgAPkI7CPtIlhPQPNIMIF4ZjAPCmLJAiZGO0jmMIRaQJkmMHmAIsxAyDGMDAFBw0ctBAxi0RmqJ6ooHVFAGzmI8WI4EkLLEJIRgJKMhWPJKZECS0xkIyQM9d+hS3xSuquN3qpTB9ETOPm88iWe7fRdbaLC286prVD8ahAPyAmHlSrHXtlHiK8l+kdeau5EyuKXO0tXDjLTCust59Z5uzZ6yiuzmO0b7HHrPOa7bmd/2gqAK08+uTuTKcSMMrC2R2PuZbzKFi43HXOcekvrPZwu4I+c8qNZZGFxPhpTLoMpzI+7+0az4o6qaZLNTJBKhiDkcjjk2Mn5zpkYTIv+EU2JZDoPljwn4dJjkwc3Epw+Ukqn/pWFUHxU6nqVOx98GHo1q2MCtWA8hWcD8DMq4sXTdgCPMEH95XY+WfmZM01wy2LUlaN1u7XxMw1HmSdTH85TueIZ2pggffPP4CZ6L5D8Idbdjz2i2hqbLPCuHPWbC7ID46h5D9Wna0KC01VEGFUYA/P3nI8Ou3onAJ09V6fKdGl+GAOcZ6SrA4/XZJ5UZLl9FwtBtVgVuR5yLVV8xKCOwjXEr1Khkhp841QiFCyIa4tUGWi1CMImOzSBaQqmC3ihsIxkNcRMhAEMHj5glkiDFZpFslkRQRzFAMYmiLRLAWPokOxbRW0yQSWEpwwow7AZT0xaTLwoyXdRthGUBTM+iOy1HurW1p/ct6I+JXJ/Ezwu2oBmVfvMqj3JxPf7ZNIAHIAL6bDG3yknly/FFvhR/Jll08O++d95hcUqhVPpNq4bC/vOW4vkg7yT7PQicN2kuycgcpyhadLxlcZzOZJlmLomy9gXBByNiN5ftbkNtybqP0lYwRQDcZBHLBlWLI4EWfAsq/s2UBgr2uF8K7v+C+8rU7qs3UAeYG/wA5NKIHPnN5+Rx/Elw+Dzcw3AeztS8q6Ad8FmdtwoEH2g7PNaVO7fSeZDLuCJ2nZK6ShQep9uoSM8vCOU5DtHxE1q2s7gZHznnObcz2NIxgY2AJNFZsBRzlixsWqNsDp5lugnQW1oqbAfHqZtjxOfP0SZc6hx9mEnC364H4y3TsmAAG83jSXEHsJVjxxg7RFmyzyKn0YptmiNAy/XuBBNWBm9kuqKIyJYWQYHMmzbRrEoGzSOuSVcxnWdYFEgXi1SBEiwgsagmqIEQBkcxWx0i8pjs8q0Wlg4MVmkQZqxRigigGK1OlDCjGWTOZ59lZNLeS7sRKxkMmHY7UKKYkXpxhUklfM6wUanZOz7y7t1I27xWPsviP9J7WuwA9czzD6OrUm5142Sm5HuSF/Mz1Bh0xyxIvIdzPR8aNQ/ZUv6mB6Tl7+558+u02+MVMDbr0/tOM4heYJ6fOZoqS4MHi9yNTZHKc7c1QTtNLjdQE5ExCZZj6JMr5HzCUx58oAGGRpsjEtB8S3TsKjLr2VfNjiZTPC1b12AUnwgYA6QNv6HVFqrflU7pTnBO/6RcP4Yahy2QnU9T7RcMsgx1N9UdPM+U6Gm4HkIYQXbMM2Z9INQoqqhQMADAgqoAk+9EC5zKFJIiabIGoYIrmE7n1j90fOHYXUrPaAwYtJbamZBgRDuDReiIs9oGpbCHNWDKEzlM5wQEpiBZMyy1EyDUTG3F1Ad2JApDGmY4pwbh0RVen6QJSX2SOlGHc7QoCnERL9SjAGiZ2x2oDEUmaLR4NxtS4LPHOKpRm/Utc8pQr2Tb4nmtMtcTKVZCqvkIWtQcQYDZ3E5J2I2yC0DJrSh2rBRk/39Jr9nuFGuzh3WkaShn2aoSzNinSVRuzHBzjyM1QyVnVfR7baKbuRguwUHzAHT4mdiH6nboZmdnHpvQolF0jQFKg/aGxOffMu1QQcYJBBPqMZnmylcmz1oxSikZPFqv1th5E7f8AP7ThuJatRHnv+07i8HkTjcTCvLPJ5dPKNFjtcHFXtuSDkec556ZycA4not5bJy6zJuLRE3O5x8JRCdGE8dnHhD5SQOJpX9wBkAYmSzZm6dk8lRbqXSkYCKPXG8nYWjVG25dT5CVaFPJE66yttCBevM+8aKsyyT1QJaGMADYSfdGW1UR3xHpElsq0qGYU0MSaPJmpAwoDjHSMDmSqPBoTDYKCMkA1PMKxMkFM5OjmrAC2hBTxI1KhEelVzzhTBQOoYoZ6YMYqBO2OUSuUEiQIQxaZ2x2oHRH0w4AjaYNg6g9Mh3YhGBkSZ2wdRtIijaTFOsNHQUpaWmDzEUUUpIVbND0mNxULTyAAWA1Enkq+fryMaKGhWC7O8Ie5qAgfVOM5AIPkM9fXp0mt2u4IlBqNKm7L3wSk2glGR2OCuftIRn8R1iim04L4rMsc38yj9dHoHCrAUKNJVJYImGJ3LNndoW+uBjPPYY28+UUU8RnsrkxriuNwRzzkexmReXQwMbg7bj5xRQxHfRiPU1nP7YmPxe9C58/PeKKbwXJjN0jmq9bUcyCLmPFKiQ1uG0tOGPw95tUq8UUaJJl5YYtmMyExRQsRAdJhBFFOOJAQ1JRFFAxkTYCODFFORzAVQDK+jEUUKAw2doF8xRRWMAI3jtnziigOBbxd8RFFOOCd7mJWiinHBgRGiigCf//Z','6',NULL),(82,'1111111111','11111111','<p>11111</p>\r\n','2019-06-20 19:11:35',4,1,1,2,'Chính Trị','1111111','6','không đạt yêu cầu'),(83,'rrrrrrrrrrrrrrrrrrrrrrrrrrrrr','rrrrrrrrrrrrrrrrrrrrrrrrr','<p>rrrrrrrrrrrrrrrrrrrrrrrrrrrrr</p>\r\n','2019-06-20 15:52:35',3,1,1,2,'Giao Thông','rrrrrrrrrrrrrrrrrrrrrrrrrrrrr','6',NULL);
/*!40000 ALTER TABLE `baiviet` ENABLE KEYS */;
UNLOCK TABLES;

--
-- Table structure for table `bientapvien`
--

DROP TABLE IF EXISTS `bientapvien`;
/*!40101 SET @saved_cs_client     = @@character_set_client */;
 SET character_set_client = utf8mb4 ;
CREATE TABLE `bientapvien` (
  `IDUser` int(10) NOT NULL,
  `IDTheLoai` int(1) NOT NULL,
  PRIMARY KEY (`IDUser`)
) ENGINE=InnoDB DEFAULT CHARSET=utf8 COLLATE=utf8_unicode_ci;
/*!40101 SET character_set_client = @saved_cs_client */;

--
-- Dumping data for table `bientapvien`
--

LOCK TABLES `bientapvien` WRITE;
/*!40000 ALTER TABLE `bientapvien` DISABLE KEYS */;
INSERT INTO `bientapvien` VALUES (1,2),(2,2),(7,1),(25,4),(29,2);
/*!40000 ALTER TABLE `bientapvien` ENABLE KEYS */;
UNLOCK TABLES;

--
-- Table structure for table `binhluan`
--

DROP TABLE IF EXISTS `binhluan`;
/*!40101 SET @saved_cs_client     = @@character_set_client */;
 SET character_set_client = utf8mb4 ;
CREATE TABLE `binhluan` (
  `ID` int(10) NOT NULL AUTO_INCREMENT,
  `NoiDung` text CHARACTER SET utf8 COLLATE utf8_unicode_ci NOT NULL,
  `IDNguoiBinhLuan` int(10) NOT NULL,
  `IDBaiViet` int(10) NOT NULL,
  `GioBinhLuan` varchar(45) COLLATE utf8_unicode_ci NOT NULL,
  PRIMARY KEY (`ID`)
) ENGINE=InnoDB AUTO_INCREMENT=16 DEFAULT CHARSET=utf8 COLLATE=utf8_unicode_ci;
/*!40101 SET character_set_client = @saved_cs_client */;

--
-- Dumping data for table `binhluan`
--

LOCK TABLES `binhluan` WRITE;
/*!40000 ALTER TABLE `binhluan` DISABLE KEYS */;
INSERT INTO `binhluan` VALUES (9,'qưewe',2,5,'2019-06-11 01:58:19'),(10,'ádsad',2,6,'2019-06-11 01:58:19'),(11,'ádsdsad',2,6,'2019-06-11 01:58:19'),(12,'sadasdas',1,5,'2019-06-11 01:58:19'),(13,'anh sơn đẹp trai',2,5,'2019-06-11 01:58:19'),(14,'anh sơn đẹp trai',2,11,'2019-06-16 14:25:38'),(15,'messi\r\n',5,9,'2019-06-16 15:52:14');
/*!40000 ALTER TABLE `binhluan` ENABLE KEYS */;
UNLOCK TABLES;

--
-- Table structure for table `chude`
--

DROP TABLE IF EXISTS `chude`;
/*!40101 SET @saved_cs_client     = @@character_set_client */;
 SET character_set_client = utf8mb4 ;
CREATE TABLE `chude` (
  `ID` int(11) NOT NULL AUTO_INCREMENT,
  `TenChuDe` varchar(45) NOT NULL,
  `IDTheLoai` varchar(45) NOT NULL,
  PRIMARY KEY (`ID`)
) ENGINE=InnoDB AUTO_INCREMENT=22 DEFAULT CHARSET=utf8mb4 COLLATE=utf8mb4_0900_ai_ci;
/*!40101 SET character_set_client = @saved_cs_client */;

--
-- Dumping data for table `chude`
--

LOCK TABLES `chude` WRITE;
/*!40000 ALTER TABLE `chude` DISABLE KEYS */;
INSERT INTO `chude` VALUES (1,'Chính Trị','1'),(2,'Giao Thông','1'),(3,'Bất Động Sản','2'),(4,'Doanh Nhân','2'),(5,'Thể Thao Việt Nam','3'),(6,'Thể Thao Thế Giới','3'),(7,'Phim Ảnh','4'),(8,'Âm Nhạc','4'),(9,'Khởi Nghiệp','5'),(10,'Mobile','5');
/*!40000 ALTER TABLE `chude` ENABLE KEYS */;
UNLOCK TABLES;

--
-- Table structure for table `docgia`
--

DROP TABLE IF EXISTS `docgia`;
/*!40101 SET @saved_cs_client     = @@character_set_client */;
 SET character_set_client = utf8mb4 ;
CREATE TABLE `docgia` (
  `IDUser` int(10) NOT NULL,
  `ThoiGianHetHan` varchar(50) COLLATE utf8_unicode_ci NOT NULL,
  `Quyen` int(2) DEFAULT NULL,
  PRIMARY KEY (`IDUser`)
) ENGINE=InnoDB DEFAULT CHARSET=utf8 COLLATE=utf8_unicode_ci;
/*!40101 SET character_set_client = @saved_cs_client */;

--
-- Dumping data for table `docgia`
--

LOCK TABLES `docgia` WRITE;
/*!40000 ALTER TABLE `docgia` DISABLE KEYS */;
INSERT INTO `docgia` VALUES (26,'2019-06-19',0);
/*!40000 ALTER TABLE `docgia` ENABLE KEYS */;
UNLOCK TABLES;

--
-- Table structure for table `hinhanh`
--

DROP TABLE IF EXISTS `hinhanh`;
/*!40101 SET @saved_cs_client     = @@character_set_client */;
 SET character_set_client = utf8mb4 ;
CREATE TABLE `hinhanh` (
  `ID` int(10) NOT NULL,
  `IDBaiViet` int(10) NOT NULL,
  `src` varchar(255) CHARACTER SET utf8 COLLATE utf8_unicode_ci NOT NULL,
  PRIMARY KEY (`ID`)
) ENGINE=InnoDB DEFAULT CHARSET=utf8mb4 COLLATE=utf8mb4_0900_ai_ci;
/*!40101 SET character_set_client = @saved_cs_client */;

--
-- Dumping data for table `hinhanh`
--

LOCK TABLES `hinhanh` WRITE;
/*!40000 ALTER TABLE `hinhanh` DISABLE KEYS */;
INSERT INTO `hinhanh` VALUES (1,1,'https://i-vnexpress.vnecdn.net/2019/05/01/xa-sung-2286-1556668824.jpg'),(2,2,'https://znews-photo.zadn.vn/w660/Uploaded/bpivpjbp/2019_05_03/anh1.jpg'),(3,2,'https://znews-photo.zadn.vn/w660/Uploaded/bpivpjbp/2019_05_03/1535611735284chidan21535610553width660height400.jpg'),(4,2,'https://znews-photo.zadn.vn/w660/Uploaded/bpivpjbp/2019_05_03/m11526380122969151497767.jpg'),(5,2,'https://znews-photo.zadn.vn/w660/Uploaded/bpivpjbp/2019_05_03/m51526380122976779450421.jpg'),(6,4,'https://i-kinhdoanh.vnecdn.net/2019/04/27/dien11-1556330587-1556330604-8001-1556331083.png');
/*!40000 ALTER TABLE `hinhanh` ENABLE KEYS */;
UNLOCK TABLES;

--
-- Table structure for table `lsduyet_btv`
--

DROP TABLE IF EXISTS `lsduyet_btv`;
/*!40101 SET @saved_cs_client     = @@character_set_client */;
 SET character_set_client = utf8mb4 ;
CREATE TABLE `lsduyet_btv` (
  `IDBTV` int(11) NOT NULL,
  `IDBaiViet` int(11) NOT NULL,
  `ThoiGian` varchar(45) NOT NULL,
  `LoaiDuyet` int(11) NOT NULL
) ENGINE=InnoDB DEFAULT CHARSET=utf8mb4 COLLATE=utf8mb4_0900_ai_ci;
/*!40101 SET character_set_client = @saved_cs_client */;

--
-- Dumping data for table `lsduyet_btv`
--

LOCK TABLES `lsduyet_btv` WRITE;
/*!40000 ALTER TABLE `lsduyet_btv` DISABLE KEYS */;
INSERT INTO `lsduyet_btv` VALUES (1,1,'1',1),(7,67,'2019-06-16 16:54:13',4),(7,69,'2019-06-19 22:09:38',4),(7,70,'2019-06-19 22:09:54',2),(7,69,'2019-06-19 22:13:00',2),(7,70,'2019-06-20 16:03:05',2),(7,82,'2019-06-20 18:41:28',4),(7,82,'2019-06-20 19:06:09',4),(7,82,'2019-06-20 19:12:23',4);
/*!40000 ALTER TABLE `lsduyet_btv` ENABLE KEYS */;
UNLOCK TABLES;

--
-- Table structure for table `tags`
--

DROP TABLE IF EXISTS `tags`;
/*!40101 SET @saved_cs_client     = @@character_set_client */;
 SET character_set_client = utf8mb4 ;
CREATE TABLE `tags` (
  `ID` int(11) NOT NULL AUTO_INCREMENT,
  `TenTags` varchar(45) NOT NULL,
  `IDBaiViet` int(11) NOT NULL,
  PRIMARY KEY (`ID`)
) ENGINE=InnoDB AUTO_INCREMENT=26 DEFAULT CHARSET=utf8mb4 COLLATE=utf8mb4_0900_ai_ci;
/*!40101 SET character_set_client = @saved_cs_client */;

--
-- Dumping data for table `tags`
--

LOCK TABLES `tags` WRITE;
/*!40000 ALTER TABLE `tags` DISABLE KEYS */;
INSERT INTO `tags` VALUES (6,'thử Tags pro',79),(8,'dep',79),(10,'sadsad',68),(12,'sadas',68),(14,'đẹp',68),(15,'trai',68),(16,'son',1),(17,'trai7',4),(18,'trai',80),(19,'son',80),(20,'dep',80),(21,'son',11),(22,'sadas',70),(23,'asd asdas',70),(24,'sadas',70),(25,'asd asdas',70);
/*!40000 ALTER TABLE `tags` ENABLE KEYS */;
UNLOCK TABLES;

--
-- Table structure for table `theloai`
--

DROP TABLE IF EXISTS `theloai`;
/*!40101 SET @saved_cs_client     = @@character_set_client */;
 SET character_set_client = utf8mb4 ;
CREATE TABLE `theloai` (
  `ID` int(11) NOT NULL AUTO_INCREMENT,
  `TenTheLoai` varchar(45) NOT NULL,
  PRIMARY KEY (`ID`)
) ENGINE=InnoDB AUTO_INCREMENT=30 DEFAULT CHARSET=utf8mb4 COLLATE=utf8mb4_0900_ai_ci;
/*!40101 SET character_set_client = @saved_cs_client */;

--
-- Dumping data for table `theloai`
--

LOCK TABLES `theloai` WRITE;
/*!40000 ALTER TABLE `theloai` DISABLE KEYS */;
INSERT INTO `theloai` VALUES (1,'Thời Sự'),(2,'Kinh Doanh'),(3,'Thể Thao'),(4,'Giải Trí'),(5,'Công Nghệ');
/*!40000 ALTER TABLE `theloai` ENABLE KEYS */;
UNLOCK TABLES;

--
-- Table structure for table `user`
--

DROP TABLE IF EXISTS `user`;
/*!40101 SET @saved_cs_client     = @@character_set_client */;
 SET character_set_client = utf8mb4 ;
CREATE TABLE `user` (
  `ID` int(11) NOT NULL AUTO_INCREMENT,
  `TenDangNhap` varchar(45) NOT NULL,
  `MatKhau` varchar(45) NOT NULL,
  `Loai` varchar(45) NOT NULL,
  `AnhDaiDien` text,
  PRIMARY KEY (`ID`)
) ENGINE=InnoDB AUTO_INCREMENT=31 DEFAULT CHARSET=utf8mb4 COLLATE=utf8mb4_0900_ai_ci;
/*!40101 SET character_set_client = @saved_cs_client */;

--
-- Dumping data for table `user`
--

LOCK TABLES `user` WRITE;
/*!40000 ALTER TABLE `user` DISABLE KEYS */;
INSERT INTO `user` VALUES (1,'Bảo Sơn','1509234369212209','2','https://scontent.fsgn1-1.fna.fbcdn.net/v/t1.0-9/55492929_1465363186932661_2288440325716312064_n.jpg?_nc_cat=104&_nc_oc=AQmbH-fLZYV2Xk-j8gQlONMrFv0ZvreOFMRN1KoxOnEwKvymOSuvutVBNgUGvVaamPI&_nc_ht=scontent.fsgn1-1.fna&oh=090e16263292891f641a062910f9f59d&oe=5DC24B28'),(2,'son','1','3','https://scontent.fsgn1-1.fna.fbcdn.net/v/t1.0-9/55492929_1465363186932661_2288440325716312064_n.jpg?_nc_cat=104&_nc_oc=AQmbH-fLZYV2Xk-j8gQlONMrFv0ZvreOFMRN1KoxOnEwKvymOSuvutVBNgUGvVaamPI&_nc_ht=scontent.fsgn1-1.fna&oh=090e16263292891f641a062910f9f59d&oe=5DC24B28'),(3,'thoi','1','2','https://images.pexels.com/photos/414612/pexels-photo-414612.jpeg?auto=compress&cs=tinysrgb&dpr=1&w=500'),(5,'admin','1','4','https://scontent.fsgn1-1.fna.fbcdn.net/v/t1.0-9/55492929_1465363186932661_2288440325716312064_n.jpg?_nc_cat=104&_nc_oc=AQmbH-fLZYV2Xk-j8gQlONMrFv0ZvreOFMRN1KoxOnEwKvymOSuvutVBNgUGvVaamPI&_nc_ht=scontent.fsgn1-1.fna&oh=090e16263292891f641a062910f9f59d&oe=5DC24B28'),(6,'pv','123456','2','https://images.pexels.com/photos/414612/pexels-photo-414612.jpeg?auto=compress&cs=tinysrgb&dpr=1&w=500'),(7,'btv','1','3','https://images.pexels.com/photos/414612/pexels-photo-414612.jpeg?auto=compress&cs=tinysrgb&dpr=1&w=500'),(26,'quan','1','0','https://scontent.fsgn1-1.fna.fbcdn.net/v/t1.0-9/55492929_1465363186932661_2288440325716312064_n.jpg?_nc_cat=104&_nc_oc=AQmbH-fLZYV2Xk-j8gQlONMrFv0ZvreOFMRN1KoxOnEwKvymOSuvutVBNgUGvVaamPI&_nc_ht=scontent.fsgn1-1.fna&oh=090e16263292891f641a062910f9f59d&oe=5DC24B28'),(29,'songg','1','3','https://images.pexels.com/photos/414612/pexels-photo-414612.jpeg?auto=compress&cs=tinysrgb&dpr=1&w=500'),(30,'sonpv','1','2','https://images.pexels.com/photos/414612/pexels-photo-414612.jpeg?auto=compress&cs=tinysrgb&dpr=1&w=500');
/*!40000 ALTER TABLE `user` ENABLE KEYS */;
UNLOCK TABLES;
/*!40103 SET TIME_ZONE=@OLD_TIME_ZONE */;

/*!40101 SET SQL_MODE=@OLD_SQL_MODE */;
/*!40014 SET FOREIGN_KEY_CHECKS=@OLD_FOREIGN_KEY_CHECKS */;
/*!40014 SET UNIQUE_CHECKS=@OLD_UNIQUE_CHECKS */;
/*!40101 SET CHARACTER_SET_CLIENT=@OLD_CHARACTER_SET_CLIENT */;
/*!40101 SET CHARACTER_SET_RESULTS=@OLD_CHARACTER_SET_RESULTS */;
/*!40101 SET COLLATION_CONNECTION=@OLD_COLLATION_CONNECTION */;
/*!40111 SET SQL_NOTES=@OLD_SQL_NOTES */;

-- Dump completed on 2019-06-20 20:20:05
